"Index Num","Country of Origin","Country of Origin-ISO2","Asylum Data",Year,Age,Sex,"Country of Asylum"
0,Afghanistan,AF,675,2019,Total,Females,Austria
1,Afghanistan,AF,305,2019,Total,Females,Belgium
2,Afghanistan,AF,5,2019,Total,Females,Bulgaria
3,Afghanistan,AF,490,2019,Total,Females,Switzerland
4,Afghanistan,AF,0,2019,Total,Females,Cyprus
5,Afghanistan,AF,0,2019,Total,Females,Czechia
6,Afghanistan,AF,3995,2019,Total,Females,"Germany (until 1990 former territory of the FRG)"
7,Afghanistan,AF,20,2019,Total,Females,Denmark
8,Afghanistan,AF,0,2019,Total,Females,Estonia
9,Afghanistan,AF,9165,2019,Total,Females,Greece
10,Afghanistan,AF,35,2019,Total,Females,Spain
11,Afghanistan,AF,16035,2019,Total,Females,"European Union - 27 countries (from 2020)"
12,Afghanistan,AF,16575,2019,Total,Females,"European Union - 28 countries (2013-2020)"
13,Afghanistan,AF,50,2019,Total,Females,Finland
14,Afghanistan,AF,960,2019,Total,Females,France
15,Afghanistan,AF,85,2019,Total,Females,Croatia
16,Afghanistan,AF,85,2019,Total,Females,Hungary
17,Afghanistan,AF,10,2019,Total,Females,Ireland
18,Afghanistan,AF,10,2019,Total,Females,Iceland
19,Afghanistan,AF,15,2019,Total,Females,Italy
20,Afghanistan,AF,0,2019,Total,Females,Liechtenstein
21,Afghanistan,AF,5,2019,Total,Females,Lithuania
22,Afghanistan,AF,55,2019,Total,Females,Luxembourg
23,Afghanistan,AF,5,2019,Total,Females,Latvia
24,Afghanistan,AF,0,2019,Total,Females,Malta
25,Afghanistan,AF,145,2019,Total,Females,Netherlands
26,Afghanistan,AF,20,2019,Total,Females,Norway
27,Afghanistan,AF,0,2019,Total,Females,Poland
28,Afghanistan,AF,0,2019,Total,Females,Portugal
29,Afghanistan,AF,10,2019,Total,Females,Romania
30,Afghanistan,AF,370,2019,Total,Females,Sweden
31,Afghanistan,AF,35,2019,Total,Females,Slovenia
32,Afghanistan,AF,5,2019,Total,Females,Slovakia
33,Afghanistan,AF,17100,2019,Total,Females,Total
34,Afghanistan,AF,545,2019,Total,Females,"United Kingdom"
35,Afghanistan,AF,0,2019,Unknown,Females,Austria
36,Afghanistan,AF,0,2019,Unknown,Females,Belgium
37,Afghanistan,AF,0,2019,Unknown,Females,Bulgaria
38,Afghanistan,AF,0,2019,Unknown,Females,Switzerland
39,Afghanistan,AF,0,2019,Unknown,Females,Cyprus
40,Afghanistan,AF,0,2019,Unknown,Females,Czechia
41,Afghanistan,AF,0,2019,Unknown,Females,"Germany (until 1990 former territory of the FRG)"
42,Afghanistan,AF,0,2019,Unknown,Females,Denmark
43,Afghanistan,AF,0,2019,Unknown,Females,Estonia
44,Afghanistan,AF,0,2019,Unknown,Females,Greece
45,Afghanistan,AF,0,2019,Unknown,Females,Spain
46,Afghanistan,AF,5,2019,Unknown,Females,"European Union - 27 countries (from 2020)"
47,Afghanistan,AF,15,2019,Unknown,Females,"European Union - 28 countries (2013-2020)"
48,Afghanistan,AF,5,2019,Unknown,Females,Finland
49,Afghanistan,AF,0,2019,Unknown,Females,France
50,Afghanistan,AF,0,2019,Unknown,Females,Croatia
51,Afghanistan,AF,0,2019,Unknown,Females,Hungary
52,Afghanistan,AF,0,2019,Unknown,Females,Ireland
53,Afghanistan,AF,0,2019,Unknown,Females,Iceland
54,Afghanistan,AF,0,2019,Unknown,Females,Italy
55,Afghanistan,AF,0,2019,Unknown,Females,Liechtenstein
56,Afghanistan,AF,0,2019,Unknown,Females,Lithuania
57,Afghanistan,AF,0,2019,Unknown,Females,Luxembourg
58,Afghanistan,AF,0,2019,Unknown,Females,Latvia
59,Afghanistan,AF,0,2019,Unknown,Females,Malta
60,Afghanistan,AF,0,2019,Unknown,Females,Netherlands
61,Afghanistan,AF,0,2019,Unknown,Females,Norway
62,Afghanistan,AF,0,2019,Unknown,Females,Poland
63,Afghanistan,AF,0,2019,Unknown,Females,Portugal
64,Afghanistan,AF,0,2019,Unknown,Females,Romania
65,Afghanistan,AF,0,2019,Unknown,Females,Sweden
66,Afghanistan,AF,0,2019,Unknown,Females,Slovenia
67,Afghanistan,AF,0,2019,Unknown,Females,Slovakia
68,Afghanistan,AF,15,2019,Unknown,Females,Total
69,Afghanistan,AF,10,2019,Unknown,Females,"United Kingdom"
70,Afghanistan,AF,40,2019,"From 14 to 17 years",Females,Austria
71,Afghanistan,AF,30,2019,"From 14 to 17 years",Females,Belgium
72,Afghanistan,AF,0,2019,"From 14 to 17 years",Females,Bulgaria
73,Afghanistan,AF,30,2019,"From 14 to 17 years",Females,Switzerland
74,Afghanistan,AF,0,2019,"From 14 to 17 years",Females,Cyprus
75,Afghanistan,AF,0,2019,"From 14 to 17 years",Females,Czechia
76,Afghanistan,AF,220,2019,"From 14 to 17 years",Females,"Germany (until 1990 former territory of the FRG)"
77,Afghanistan,AF,0,2019,"From 14 to 17 years",Females,Denmark
78,Afghanistan,AF,0,2019,"From 14 to 17 years",Females,Estonia
79,Afghanistan,AF,745,2019,"From 14 to 17 years",Females,Greece
80,Afghanistan,AF,0,2019,"From 14 to 17 years",Females,Spain
81,Afghanistan,AF,1185,2019,"From 14 to 17 years",Females,"European Union - 27 countries (from 2020)"
82,Afghanistan,AF,1225,2019,"From 14 to 17 years",Females,"European Union - 28 countries (2013-2020)"
83,Afghanistan,AF,0,2019,"From 14 to 17 years",Females,Finland
84,Afghanistan,AF,70,2019,"From 14 to 17 years",Females,France
85,Afghanistan,AF,0,2019,"From 14 to 17 years",Females,Croatia
86,Afghanistan,AF,10,2019,"From 14 to 17 years",Females,Hungary
87,Afghanistan,AF,0,2019,"From 14 to 17 years",Females,Ireland
88,Afghanistan,AF,0,2019,"From 14 to 17 years",Females,Iceland
89,Afghanistan,AF,0,2019,"From 14 to 17 years",Females,Italy
90,Afghanistan,AF,0,2019,"From 14 to 17 years",Females,Liechtenstein
91,Afghanistan,AF,0,2019,"From 14 to 17 years",Females,Lithuania
92,Afghanistan,AF,5,2019,"From 14 to 17 years",Females,Luxembourg
93,Afghanistan,AF,0,2019,"From 14 to 17 years",Females,Latvia
94,Afghanistan,AF,0,2019,"From 14 to 17 years",Females,Malta
95,Afghanistan,AF,10,2019,"From 14 to 17 years",Females,Netherlands
96,Afghanistan,AF,5,2019,"From 14 to 17 years",Females,Norway
97,Afghanistan,AF,0,2019,"From 14 to 17 years",Females,Poland
98,Afghanistan,AF,0,2019,"From 14 to 17 years",Females,Portugal
99,Afghanistan,AF,0,2019,"From 14 to 17 years",Females,Romania
100,Afghanistan,AF,35,2019,"From 14 to 17 years",Females,Sweden
101,Afghanistan,AF,5,2019,"From 14 to 17 years",Females,Slovenia
102,Afghanistan,AF,0,2019,"From 14 to 17 years",Females,Slovakia
103,Afghanistan,AF,1260,2019,"From 14 to 17 years",Females,Total
104,Afghanistan,AF,40,2019,"From 14 to 17 years",Females,"United Kingdom"
105,Afghanistan,AF,135,2019,"From 18 to 34 years",Females,Austria
106,Afghanistan,AF,100,2019,"From 18 to 34 years",Females,Belgium
107,Afghanistan,AF,0,2019,"From 18 to 34 years",Females,Bulgaria
108,Afghanistan,AF,180,2019,"From 18 to 34 years",Females,Switzerland
109,Afghanistan,AF,0,2019,"From 18 to 34 years",Females,Cyprus
110,Afghanistan,AF,0,2019,"From 18 to 34 years",Females,Czechia
111,Afghanistan,AF,1105,2019,"From 18 to 34 years",Females,"Germany (until 1990 former territory of the FRG)"
112,Afghanistan,AF,10,2019,"From 18 to 34 years",Females,Denmark
113,Afghanistan,AF,0,2019,"From 18 to 34 years",Females,Estonia
114,Afghanistan,AF,3420,2019,"From 18 to 34 years",Females,Greece
115,Afghanistan,AF,10,2019,"From 18 to 34 years",Females,Spain
116,Afghanistan,AF,5440,2019,"From 18 to 34 years",Females,"European Union - 27 countries (from 2020)"
117,Afghanistan,AF,5630,2019,"From 18 to 34 years",Females,"European Union - 28 countries (2013-2020)"
118,Afghanistan,AF,15,2019,"From 18 to 34 years",Females,Finland
119,Afghanistan,AF,365,2019,"From 18 to 34 years",Females,France
120,Afghanistan,AF,35,2019,"From 18 to 34 years",Females,Croatia
121,Afghanistan,AF,30,2019,"From 18 to 34 years",Females,Hungary
122,Afghanistan,AF,5,2019,"From 18 to 34 years",Females,Ireland
123,Afghanistan,AF,5,2019,"From 18 to 34 years",Females,Iceland
124,Afghanistan,AF,10,2019,"From 18 to 34 years",Females,Italy
125,Afghanistan,AF,0,2019,"From 18 to 34 years",Females,Liechtenstein
126,Afghanistan,AF,0,2019,"From 18 to 34 years",Females,Lithuania
127,Afghanistan,AF,15,2019,"From 18 to 34 years",Females,Luxembourg
128,Afghanistan,AF,5,2019,"From 18 to 34 years",Females,Latvia
129,Afghanistan,AF,0,2019,"From 18 to 34 years",Females,Malta
130,Afghanistan,AF,50,2019,"From 18 to 34 years",Females,Netherlands
131,Afghanistan,AF,5,2019,"From 18 to 34 years",Females,Norway
132,Afghanistan,AF,0,2019,"From 18 to 34 years",Females,Poland
133,Afghanistan,AF,0,2019,"From 18 to 34 years",Females,Portugal
134,Afghanistan,AF,0,2019,"From 18 to 34 years",Females,Romania
135,Afghanistan,AF,125,2019,"From 18 to 34 years",Females,Sweden
136,Afghanistan,AF,10,2019,"From 18 to 34 years",Females,Slovenia
137,Afghanistan,AF,0,2019,"From 18 to 34 years",Females,Slovakia
138,Afghanistan,AF,5825,2019,"From 18 to 34 years",Females,Total
139,Afghanistan,AF,185,2019,"From 18 to 34 years",Females,"United Kingdom"
140,Afghanistan,AF,70,2019,"From 35 to 64 years",Females,Austria
141,Afghanistan,AF,45,2019,"From 35 to 64 years",Females,Belgium
142,Afghanistan,AF,0,2019,"From 35 to 64 years",Females,Bulgaria
143,Afghanistan,AF,65,2019,"From 35 to 64 years",Females,Switzerland
144,Afghanistan,AF,0,2019,"From 35 to 64 years",Females,Cyprus
145,Afghanistan,AF,0,2019,"From 35 to 64 years",Females,Czechia
146,Afghanistan,AF,510,2019,"From 35 to 64 years",Females,"Germany (until 1990 former territory of the FRG)"
147,Afghanistan,AF,5,2019,"From 35 to 64 years",Females,Denmark
148,Afghanistan,AF,0,2019,"From 35 to 64 years",Females,Estonia
149,Afghanistan,AF,1325,2019,"From 35 to 64 years",Females,Greece
150,Afghanistan,AF,5,2019,"From 35 to 64 years",Females,Spain
151,Afghanistan,AF,2235,2019,"From 35 to 64 years",Females,"European Union - 27 countries (from 2020)"
152,Afghanistan,AF,2365,2019,"From 35 to 64 years",Females,"European Union - 28 countries (2013-2020)"
153,Afghanistan,AF,10,2019,"From 35 to 64 years",Females,Finland
154,Afghanistan,AF,135,2019,"From 35 to 64 years",Females,France
155,Afghanistan,AF,5,2019,"From 35 to 64 years",Females,Croatia
156,Afghanistan,AF,15,2019,"From 35 to 64 years",Females,Hungary
157,Afghanistan,AF,5,2019,"From 35 to 64 years",Females,Ireland
158,Afghanistan,AF,0,2019,"From 35 to 64 years",Females,Iceland
159,Afghanistan,AF,0,2019,"From 35 to 64 years",Females,Italy
160,Afghanistan,AF,0,2019,"From 35 to 64 years",Females,Liechtenstein
161,Afghanistan,AF,0,2019,"From 35 to 64 years",Females,Lithuania
162,Afghanistan,AF,15,2019,"From 35 to 64 years",Females,Luxembourg
163,Afghanistan,AF,0,2019,"From 35 to 64 years",Females,Latvia
164,Afghanistan,AF,0,2019,"From 35 to 64 years",Females,Malta
165,Afghanistan,AF,40,2019,"From 35 to 64 years",Females,Netherlands
166,Afghanistan,AF,5,2019,"From 35 to 64 years",Females,Norway
167,Afghanistan,AF,0,2019,"From 35 to 64 years",Females,Poland
168,Afghanistan,AF,0,2019,"From 35 to 64 years",Females,Portugal
169,Afghanistan,AF,5,2019,"From 35 to 64 years",Females,Romania
170,Afghanistan,AF,50,2019,"From 35 to 64 years",Females,Sweden
171,Afghanistan,AF,5,2019,"From 35 to 64 years",Females,Slovenia
172,Afghanistan,AF,0,2019,"From 35 to 64 years",Females,Slovakia
173,Afghanistan,AF,2440,2019,"From 35 to 64 years",Females,Total
174,Afghanistan,AF,130,2019,"From 35 to 64 years",Females,"United Kingdom"
175,Afghanistan,AF,5,2019,"65 years or over",Females,Austria
176,Afghanistan,AF,10,2019,"65 years or over",Females,Belgium
177,Afghanistan,AF,0,2019,"65 years or over",Females,Bulgaria
178,Afghanistan,AF,5,2019,"65 years or over",Females,Switzerland
179,Afghanistan,AF,0,2019,"65 years or over",Females,Cyprus
180,Afghanistan,AF,0,2019,"65 years or over",Females,Czechia
181,Afghanistan,AF,40,2019,"65 years or over",Females,"Germany (until 1990 former territory of the FRG)"
182,Afghanistan,AF,0,2019,"65 years or over",Females,Denmark
183,Afghanistan,AF,0,2019,"65 years or over",Females,Estonia
184,Afghanistan,AF,85,2019,"65 years or over",Females,Greece
185,Afghanistan,AF,0,2019,"65 years or over",Females,Spain
186,Afghanistan,AF,170,2019,"65 years or over",Females,"European Union - 27 countries (from 2020)"
187,Afghanistan,AF,220,2019,"65 years or over",Females,"European Union - 28 countries (2013-2020)"
188,Afghanistan,AF,0,2019,"65 years or over",Females,Finland
189,Afghanistan,AF,10,2019,"65 years or over",Females,France
190,Afghanistan,AF,0,2019,"65 years or over",Females,Croatia
191,Afghanistan,AF,0,2019,"65 years or over",Females,Hungary
192,Afghanistan,AF,0,2019,"65 years or over",Females,Ireland
193,Afghanistan,AF,0,2019,"65 years or over",Females,Iceland
194,Afghanistan,AF,0,2019,"65 years or over",Females,Italy
195,Afghanistan,AF,0,2019,"65 years or over",Females,Liechtenstein
196,Afghanistan,AF,0,2019,"65 years or over",Females,Lithuania
197,Afghanistan,AF,0,2019,"65 years or over",Females,Luxembourg
198,Afghanistan,AF,0,2019,"65 years or over",Females,Latvia
199,Afghanistan,AF,0,2019,"65 years or over",Females,Malta
200,Afghanistan,AF,5,2019,"65 years or over",Females,Netherlands
201,Afghanistan,AF,0,2019,"65 years or over",Females,Norway
202,Afghanistan,AF,0,2019,"65 years or over",Females,Poland
203,Afghanistan,AF,0,2019,"65 years or over",Females,Portugal
204,Afghanistan,AF,0,2019,"65 years or over",Females,Romania
205,Afghanistan,AF,0,2019,"65 years or over",Females,Sweden
206,Afghanistan,AF,0,2019,"65 years or over",Females,Slovenia
207,Afghanistan,AF,0,2019,"65 years or over",Females,Slovakia
208,Afghanistan,AF,225,2019,"65 years or over",Females,Total
209,Afghanistan,AF,50,2019,"65 years or over",Females,"United Kingdom"
210,Afghanistan,AF,420,2019,"Less than 14 years",Females,Austria
211,Afghanistan,AF,120,2019,"Less than 14 years",Females,Belgium
212,Afghanistan,AF,5,2019,"Less than 14 years",Females,Bulgaria
213,Afghanistan,AF,205,2019,"Less than 14 years",Females,Switzerland
214,Afghanistan,AF,0,2019,"Less than 14 years",Females,Cyprus
215,Afghanistan,AF,0,2019,"Less than 14 years",Females,Czechia
216,Afghanistan,AF,2120,2019,"Less than 14 years",Females,"Germany (until 1990 former territory of the FRG)"
217,Afghanistan,AF,5,2019,"Less than 14 years",Females,Denmark
218,Afghanistan,AF,0,2019,"Less than 14 years",Females,Estonia
219,Afghanistan,AF,3590,2019,"Less than 14 years",Females,Greece
220,Afghanistan,AF,15,2019,"Less than 14 years",Females,Spain
221,Afghanistan,AF,7000,2019,"Less than 14 years",Females,"European Union - 27 countries (from 2020)"
222,Afghanistan,AF,7125,2019,"Less than 14 years",Females,"European Union - 28 countries (2013-2020)"
223,Afghanistan,AF,20,2019,"Less than 14 years",Females,Finland
224,Afghanistan,AF,385,2019,"Less than 14 years",Females,France
225,Afghanistan,AF,45,2019,"Less than 14 years",Females,Croatia
226,Afghanistan,AF,35,2019,"Less than 14 years",Females,Hungary
227,Afghanistan,AF,0,2019,"Less than 14 years",Females,Ireland
228,Afghanistan,AF,5,2019,"Less than 14 years",Females,Iceland
229,Afghanistan,AF,5,2019,"Less than 14 years",Females,Italy
230,Afghanistan,AF,0,2019,"Less than 14 years",Females,Liechtenstein
231,Afghanistan,AF,5,2019,"Less than 14 years",Females,Lithuania
232,Afghanistan,AF,15,2019,"Less than 14 years",Females,Luxembourg
233,Afghanistan,AF,0,2019,"Less than 14 years",Females,Latvia
234,Afghanistan,AF,0,2019,"Less than 14 years",Females,Malta
235,Afghanistan,AF,40,2019,"Less than 14 years",Females,Netherlands
236,Afghanistan,AF,5,2019,"Less than 14 years",Females,Norway
237,Afghanistan,AF,0,2019,"Less than 14 years",Females,Poland
238,Afghanistan,AF,0,2019,"Less than 14 years",Females,Portugal
239,Afghanistan,AF,5,2019,"Less than 14 years",Females,Romania
240,Afghanistan,AF,155,2019,"Less than 14 years",Females,Sweden
241,Afghanistan,AF,15,2019,"Less than 14 years",Females,Slovenia
242,Afghanistan,AF,0,2019,"Less than 14 years",Females,Slovakia
243,Afghanistan,AF,7340,2019,"Less than 14 years",Females,Total
244,Afghanistan,AF,125,2019,"Less than 14 years",Females,"United Kingdom"
245,Afghanistan,AF,465,2019,"Less than 18 years",Females,Austria
246,Afghanistan,AF,150,2019,"Less than 18 years",Females,Belgium
247,Afghanistan,AF,5,2019,"Less than 18 years",Females,Bulgaria
248,Afghanistan,AF,235,2019,"Less than 18 years",Females,Switzerland
249,Afghanistan,AF,0,2019,"Less than 18 years",Females,Cyprus
250,Afghanistan,AF,0,2019,"Less than 18 years",Females,Czechia
251,Afghanistan,AF,2345,2019,"Less than 18 years",Females,"Germany (until 1990 former territory of the FRG)"
252,Afghanistan,AF,5,2019,"Less than 18 years",Females,Denmark
253,Afghanistan,AF,0,2019,"Less than 18 years",Females,Estonia
254,Afghanistan,AF,4340,2019,"Less than 18 years",Females,Greece
255,Afghanistan,AF,20,2019,"Less than 18 years",Females,Spain
256,Afghanistan,AF,8185,2019,"Less than 18 years",Females,"European Union - 27 countries (from 2020)"
257,Afghanistan,AF,8350,2019,"Less than 18 years",Females,"European Union - 28 countries (2013-2020)"
258,Afghanistan,AF,25,2019,"Less than 18 years",Females,Finland
259,Afghanistan,AF,450,2019,"Less than 18 years",Females,France
260,Afghanistan,AF,45,2019,"Less than 18 years",Females,Croatia
261,Afghanistan,AF,40,2019,"Less than 18 years",Females,Hungary
262,Afghanistan,AF,0,2019,"Less than 18 years",Females,Ireland
263,Afghanistan,AF,5,2019,"Less than 18 years",Females,Iceland
264,Afghanistan,AF,5,2019,"Less than 18 years",Females,Italy
265,Afghanistan,AF,0,2019,"Less than 18 years",Females,Liechtenstein
266,Afghanistan,AF,5,2019,"Less than 18 years",Females,Lithuania
267,Afghanistan,AF,25,2019,"Less than 18 years",Females,Luxembourg
268,Afghanistan,AF,0,2019,"Less than 18 years",Females,Latvia
269,Afghanistan,AF,0,2019,"Less than 18 years",Females,Malta
270,Afghanistan,AF,50,2019,"Less than 18 years",Females,Netherlands
271,Afghanistan,AF,10,2019,"Less than 18 years",Females,Norway
272,Afghanistan,AF,0,2019,"Less than 18 years",Females,Poland
273,Afghanistan,AF,0,2019,"Less than 18 years",Females,Portugal
274,Afghanistan,AF,5,2019,"Less than 18 years",Females,Romania
275,Afghanistan,AF,190,2019,"Less than 18 years",Females,Sweden
276,Afghanistan,AF,20,2019,"Less than 18 years",Females,Slovenia
277,Afghanistan,AF,0,2019,"Less than 18 years",Females,Slovakia
278,Afghanistan,AF,8600,2019,"Less than 18 years",Females,Total
279,Afghanistan,AF,165,2019,"Less than 18 years",Females,"United Kingdom"
280,Afghanistan,AF,1840,2019,Total,Males,Austria
281,Afghanistan,AF,1940,2019,Total,Males,Belgium
282,Afghanistan,AF,980,2019,Total,Males,Bulgaria
283,Afghanistan,AF,860,2019,Total,Males,Switzerland
284,Afghanistan,AF,5,2019,Total,Males,Cyprus
285,Afghanistan,AF,20,2019,Total,Males,Czechia
286,Afghanistan,AF,5520,2019,Total,Males,"Germany (until 1990 former territory of the FRG)"
287,Afghanistan,AF,70,2019,Total,Males,Denmark
288,Afghanistan,AF,0,2019,Total,Males,Estonia
289,Afghanistan,AF,14500,2019,Total,Males,Greece
290,Afghanistan,AF,80,2019,Total,Males,Spain
291,Afghanistan,AF,36505,2019,Total,Males,"European Union - 27 countries (from 2020)"
292,Afghanistan,AF,38090,2019,Total,Males,"European Union - 28 countries (2013-2020)"
293,Afghanistan,AF,70,2019,Total,Males,Finland
294,Afghanistan,AF,9040,2019,Total,Males,France
295,Afghanistan,AF,155,2019,Total,Males,Croatia
296,Afghanistan,AF,100,2019,Total,Males,Hungary
297,Afghanistan,AF,95,2019,Total,Males,Ireland
298,Afghanistan,AF,35,2019,Total,Males,Iceland
299,Afghanistan,AF,575,2019,Total,Males,Italy
300,Afghanistan,AF,5,2019,Total,Males,Liechtenstein
301,Afghanistan,AF,0,2019,Total,Males,Lithuania
302,Afghanistan,AF,115,2019,Total,Males,Luxembourg
303,Afghanistan,AF,5,2019,Total,Males,Latvia
304,Afghanistan,AF,5,2019,Total,Males,Malta
305,Afghanistan,AF,295,2019,Total,Males,Netherlands
306,Afghanistan,AF,70,2019,Total,Males,Norway
307,Afghanistan,AF,55,2019,Total,Males,Poland
308,Afghanistan,AF,20,2019,Total,Males,Portugal
309,Afghanistan,AF,180,2019,Total,Males,Romania
310,Afghanistan,AF,375,2019,Total,Males,Sweden
311,Afghanistan,AF,380,2019,Total,Males,Slovenia
312,Afghanistan,AF,80,2019,Total,Males,Slovakia
313,Afghanistan,AF,39065,2019,Total,Males,Total
314,Afghanistan,AF,1585,2019,Total,Males,"United Kingdom"
315,Afghanistan,AF,0,2019,Unknown,Males,Austria
316,Afghanistan,AF,0,2019,Unknown,Males,Belgium
317,Afghanistan,AF,0,2019,Unknown,Males,Bulgaria
318,Afghanistan,AF,0,2019,Unknown,Males,Switzerland
319,Afghanistan,AF,0,2019,Unknown,Males,Cyprus
320,Afghanistan,AF,0,2019,Unknown,Males,Czechia
321,Afghanistan,AF,0,2019,Unknown,Males,"Germany (until 1990 former territory of the FRG)"
322,Afghanistan,AF,0,2019,Unknown,Males,Denmark
323,Afghanistan,AF,0,2019,Unknown,Males,Estonia
324,Afghanistan,AF,0,2019,Unknown,Males,Greece
325,Afghanistan,AF,0,2019,Unknown,Males,Spain
326,Afghanistan,AF,5,2019,Unknown,Males,"European Union - 27 countries (from 2020)"
327,Afghanistan,AF,30,2019,Unknown,Males,"European Union - 28 countries (2013-2020)"
328,Afghanistan,AF,5,2019,Unknown,Males,Finland
329,Afghanistan,AF,0,2019,Unknown,Males,France
330,Afghanistan,AF,0,2019,Unknown,Males,Croatia
331,Afghanistan,AF,0,2019,Unknown,Males,Hungary
332,Afghanistan,AF,0,2019,Unknown,Males,Ireland
333,Afghanistan,AF,0,2019,Unknown,Males,Iceland
334,Afghanistan,AF,0,2019,Unknown,Males,Italy
335,Afghanistan,AF,0,2019,Unknown,Males,Liechtenstein
336,Afghanistan,AF,0,2019,Unknown,Males,Lithuania
337,Afghanistan,AF,0,2019,Unknown,Males,Luxembourg
338,Afghanistan,AF,0,2019,Unknown,Males,Latvia
339,Afghanistan,AF,0,2019,Unknown,Males,Malta
340,Afghanistan,AF,0,2019,Unknown,Males,Netherlands
341,Afghanistan,AF,0,2019,Unknown,Males,Norway
342,Afghanistan,AF,0,2019,Unknown,Males,Poland
343,Afghanistan,AF,0,2019,Unknown,Males,Portugal
344,Afghanistan,AF,0,2019,Unknown,Males,Romania
345,Afghanistan,AF,0,2019,Unknown,Males,Sweden
346,Afghanistan,AF,0,2019,Unknown,Males,Slovenia
347,Afghanistan,AF,0,2019,Unknown,Males,Slovakia
348,Afghanistan,AF,30,2019,Unknown,Males,Total
349,Afghanistan,AF,25,2019,Unknown,Males,"United Kingdom"
350,Afghanistan,AF,705,2019,"From 14 to 17 years",Males,Austria
351,Afghanistan,AF,915,2019,"From 14 to 17 years",Males,Belgium
352,Afghanistan,AF,385,2019,"From 14 to 17 years",Males,Bulgaria
353,Afghanistan,AF,205,2019,"From 14 to 17 years",Males,Switzerland
354,Afghanistan,AF,0,2019,"From 14 to 17 years",Males,Cyprus
355,Afghanistan,AF,5,2019,"From 14 to 17 years",Males,Czechia
356,Afghanistan,AF,605,2019,"From 14 to 17 years",Males,"Germany (until 1990 former territory of the FRG)"
357,Afghanistan,AF,15,2019,"From 14 to 17 years",Males,Denmark
358,Afghanistan,AF,0,2019,"From 14 to 17 years",Males,Estonia
359,Afghanistan,AF,2155,2019,"From 14 to 17 years",Males,Greece
360,Afghanistan,AF,10,2019,"From 14 to 17 years",Males,Spain
361,Afghanistan,AF,5475,2019,"From 14 to 17 years",Males,"European Union - 27 countries (from 2020)"
362,Afghanistan,AF,5925,2019,"From 14 to 17 years",Males,"European Union - 28 countries (2013-2020)"
363,Afghanistan,AF,15,2019,"From 14 to 17 years",Males,Finland
364,Afghanistan,AF,215,2019,"From 14 to 17 years",Males,France
365,Afghanistan,AF,15,2019,"From 14 to 17 years",Males,Croatia
366,Afghanistan,AF,5,2019,"From 14 to 17 years",Males,Hungary
367,Afghanistan,AF,10,2019,"From 14 to 17 years",Males,Ireland
368,Afghanistan,AF,0,2019,"From 14 to 17 years",Males,Iceland
369,Afghanistan,AF,40,2019,"From 14 to 17 years",Males,Italy
370,Afghanistan,AF,0,2019,"From 14 to 17 years",Males,Liechtenstein
371,Afghanistan,AF,0,2019,"From 14 to 17 years",Males,Lithuania
372,Afghanistan,AF,15,2019,"From 14 to 17 years",Males,Luxembourg
373,Afghanistan,AF,0,2019,"From 14 to 17 years",Males,Latvia
374,Afghanistan,AF,0,2019,"From 14 to 17 years",Males,Malta
375,Afghanistan,AF,55,2019,"From 14 to 17 years",Males,Netherlands
376,Afghanistan,AF,30,2019,"From 14 to 17 years",Males,Norway
377,Afghanistan,AF,10,2019,"From 14 to 17 years",Males,Poland
378,Afghanistan,AF,0,2019,"From 14 to 17 years",Males,Portugal
379,Afghanistan,AF,50,2019,"From 14 to 17 years",Males,Romania
380,Afghanistan,AF,65,2019,"From 14 to 17 years",Males,Sweden
381,Afghanistan,AF,170,2019,"From 14 to 17 years",Males,Slovenia
382,Afghanistan,AF,20,2019,"From 14 to 17 years",Males,Slovakia
383,Afghanistan,AF,6165,2019,"From 14 to 17 years",Males,Total
384,Afghanistan,AF,450,2019,"From 14 to 17 years",Males,"United Kingdom"
385,Afghanistan,AF,535,2019,"From 18 to 34 years",Males,Austria
386,Afghanistan,AF,755,2019,"From 18 to 34 years",Males,Belgium
387,Afghanistan,AF,545,2019,"From 18 to 34 years",Males,Bulgaria
388,Afghanistan,AF,325,2019,"From 18 to 34 years",Males,Switzerland
389,Afghanistan,AF,5,2019,"From 18 to 34 years",Males,Cyprus
390,Afghanistan,AF,15,2019,"From 18 to 34 years",Males,Czechia
391,Afghanistan,AF,1955,2019,"From 18 to 34 years",Males,"Germany (until 1990 former territory of the FRG)"
392,Afghanistan,AF,35,2019,"From 18 to 34 years",Males,Denmark
393,Afghanistan,AF,0,2019,"From 18 to 34 years",Males,Estonia
394,Afghanistan,AF,6470,2019,"From 18 to 34 years",Males,Greece
395,Afghanistan,AF,50,2019,"From 18 to 34 years",Males,Spain
396,Afghanistan,AF,19460,2019,"From 18 to 34 years",Males,"European Union - 27 countries (from 2020)"
397,Afghanistan,AF,20145,2019,"From 18 to 34 years",Males,"European Union - 28 countries (2013-2020)"
398,Afghanistan,AF,20,2019,"From 18 to 34 years",Males,Finland
399,Afghanistan,AF,7720,2019,"From 18 to 34 years",Males,France
400,Afghanistan,AF,70,2019,"From 18 to 34 years",Males,Croatia
401,Afghanistan,AF,15,2019,"From 18 to 34 years",Males,Hungary
402,Afghanistan,AF,65,2019,"From 18 to 34 years",Males,Ireland
403,Afghanistan,AF,25,2019,"From 18 to 34 years",Males,Iceland
404,Afghanistan,AF,490,2019,"From 18 to 34 years",Males,Italy
405,Afghanistan,AF,5,2019,"From 18 to 34 years",Males,Liechtenstein
406,Afghanistan,AF,0,2019,"From 18 to 34 years",Males,Lithuania
407,Afghanistan,AF,70,2019,"From 18 to 34 years",Males,Luxembourg
408,Afghanistan,AF,0,2019,"From 18 to 34 years",Males,Latvia
409,Afghanistan,AF,0,2019,"From 18 to 34 years",Males,Malta
410,Afghanistan,AF,160,2019,"From 18 to 34 years",Males,Netherlands
411,Afghanistan,AF,25,2019,"From 18 to 34 years",Males,Norway
412,Afghanistan,AF,45,2019,"From 18 to 34 years",Males,Poland
413,Afghanistan,AF,15,2019,"From 18 to 34 years",Males,Portugal
414,Afghanistan,AF,110,2019,"From 18 to 34 years",Males,Romania
415,Afghanistan,AF,80,2019,"From 18 to 34 years",Males,Sweden
416,Afghanistan,AF,165,2019,"From 18 to 34 years",Males,Slovenia
417,Afghanistan,AF,60,2019,"From 18 to 34 years",Males,Slovakia
418,Afghanistan,AF,20525,2019,"From 18 to 34 years",Males,Total
419,Afghanistan,AF,690,2019,"From 18 to 34 years",Males,"United Kingdom"
420,Afghanistan,AF,65,2019,"From 35 to 64 years",Males,Austria
421,Afghanistan,AF,85,2019,"From 35 to 64 years",Males,Belgium
422,Afghanistan,AF,15,2019,"From 35 to 64 years",Males,Bulgaria
423,Afghanistan,AF,75,2019,"From 35 to 64 years",Males,Switzerland
424,Afghanistan,AF,0,2019,"From 35 to 64 years",Males,Cyprus
425,Afghanistan,AF,0,2019,"From 35 to 64 years",Males,Czechia
426,Afghanistan,AF,565,2019,"From 35 to 64 years",Males,"Germany (until 1990 former territory of the FRG)"
427,Afghanistan,AF,5,2019,"From 35 to 64 years",Males,Denmark
428,Afghanistan,AF,0,2019,"From 35 to 64 years",Males,Estonia
429,Afghanistan,AF,1745,2019,"From 35 to 64 years",Males,Greece
430,Afghanistan,AF,10,2019,"From 35 to 64 years",Males,Spain
431,Afghanistan,AF,3355,2019,"From 35 to 64 years",Males,"European Union - 27 countries (from 2020)"
432,Afghanistan,AF,3550,2019,"From 35 to 64 years",Males,"European Union - 28 countries (2013-2020)"
433,Afghanistan,AF,5,2019,"From 35 to 64 years",Males,Finland
434,Afghanistan,AF,655,2019,"From 35 to 64 years",Males,France
435,Afghanistan,AF,20,2019,"From 35 to 64 years",Males,Croatia
436,Afghanistan,AF,20,2019,"From 35 to 64 years",Males,Hungary
437,Afghanistan,AF,10,2019,"From 35 to 64 years",Males,Ireland
438,Afghanistan,AF,5,2019,"From 35 to 64 years",Males,Iceland
439,Afghanistan,AF,35,2019,"From 35 to 64 years",Males,Italy
440,Afghanistan,AF,0,2019,"From 35 to 64 years",Males,Liechtenstein
441,Afghanistan,AF,0,2019,"From 35 to 64 years",Males,Lithuania
442,Afghanistan,AF,15,2019,"From 35 to 64 years",Males,Luxembourg
443,Afghanistan,AF,0,2019,"From 35 to 64 years",Males,Latvia
444,Afghanistan,AF,0,2019,"From 35 to 64 years",Males,Malta
445,Afghanistan,AF,30,2019,"From 35 to 64 years",Males,Netherlands
446,Afghanistan,AF,5,2019,"From 35 to 64 years",Males,Norway
447,Afghanistan,AF,0,2019,"From 35 to 64 years",Males,Poland
448,Afghanistan,AF,5,2019,"From 35 to 64 years",Males,Portugal
449,Afghanistan,AF,5,2019,"From 35 to 64 years",Males,Romania
450,Afghanistan,AF,55,2019,"From 35 to 64 years",Males,Sweden
451,Afghanistan,AF,10,2019,"From 35 to 64 years",Males,Slovenia
452,Afghanistan,AF,0,2019,"From 35 to 64 years",Males,Slovakia
453,Afghanistan,AF,3635,2019,"From 35 to 64 years",Males,Total
454,Afghanistan,AF,195,2019,"From 35 to 64 years",Males,"United Kingdom"
455,Afghanistan,AF,5,2019,"65 years or over",Males,Austria
456,Afghanistan,AF,10,2019,"65 years or over",Males,Belgium
457,Afghanistan,AF,0,2019,"65 years or over",Males,Bulgaria
458,Afghanistan,AF,5,2019,"65 years or over",Males,Switzerland
459,Afghanistan,AF,0,2019,"65 years or over",Males,Cyprus
460,Afghanistan,AF,0,2019,"65 years or over",Males,Czechia
461,Afghanistan,AF,45,2019,"65 years or over",Males,"Germany (until 1990 former territory of the FRG)"
462,Afghanistan,AF,0,2019,"65 years or over",Males,Denmark
463,Afghanistan,AF,0,2019,"65 years or over",Males,Estonia
464,Afghanistan,AF,85,2019,"65 years or over",Males,Greece
465,Afghanistan,AF,0,2019,"65 years or over",Males,Spain
466,Afghanistan,AF,175,2019,"65 years or over",Males,"European Union - 27 countries (from 2020)"
467,Afghanistan,AF,230,2019,"65 years or over",Males,"European Union - 28 countries (2013-2020)"
468,Afghanistan,AF,0,2019,"65 years or over",Males,Finland
469,Afghanistan,AF,10,2019,"65 years or over",Males,France
470,Afghanistan,AF,0,2019,"65 years or over",Males,Croatia
471,Afghanistan,AF,0,2019,"65 years or over",Males,Hungary
472,Afghanistan,AF,5,2019,"65 years or over",Males,Ireland
473,Afghanistan,AF,0,2019,"65 years or over",Males,Iceland
474,Afghanistan,AF,0,2019,"65 years or over",Males,Italy
475,Afghanistan,AF,0,2019,"65 years or over",Males,Liechtenstein
476,Afghanistan,AF,0,2019,"65 years or over",Males,Lithuania
477,Afghanistan,AF,0,2019,"65 years or over",Males,Luxembourg
478,Afghanistan,AF,0,2019,"65 years or over",Males,Latvia
479,Afghanistan,AF,0,2019,"65 years or over",Males,Malta
480,Afghanistan,AF,5,2019,"65 years or over",Males,Netherlands
481,Afghanistan,AF,0,2019,"65 years or over",Males,Norway
482,Afghanistan,AF,0,2019,"65 years or over",Males,Poland
483,Afghanistan,AF,0,2019,"65 years or over",Males,Portugal
484,Afghanistan,AF,0,2019,"65 years or over",Males,Romania
485,Afghanistan,AF,5,2019,"65 years or over",Males,Sweden
486,Afghanistan,AF,0,2019,"65 years or over",Males,Slovenia
487,Afghanistan,AF,0,2019,"65 years or over",Males,Slovakia
488,Afghanistan,AF,230,2019,"65 years or over",Males,Total
489,Afghanistan,AF,50,2019,"65 years or over",Males,"United Kingdom"
490,Afghanistan,AF,535,2019,"Less than 14 years",Males,Austria
491,Afghanistan,AF,185,2019,"Less than 14 years",Males,Belgium
492,Afghanistan,AF,30,2019,"Less than 14 years",Males,Bulgaria
493,Afghanistan,AF,250,2019,"Less than 14 years",Males,Switzerland
494,Afghanistan,AF,0,2019,"Less than 14 years",Males,Cyprus
495,Afghanistan,AF,0,2019,"Less than 14 years",Males,Czechia
496,Afghanistan,AF,2350,2019,"Less than 14 years",Males,"Germany (until 1990 former territory of the FRG)"
497,Afghanistan,AF,15,2019,"Less than 14 years",Males,Denmark
498,Afghanistan,AF,0,2019,"Less than 14 years",Males,Estonia
499,Afghanistan,AF,4045,2019,"Less than 14 years",Males,Greece
500,Afghanistan,AF,10,2019,"Less than 14 years",Males,Spain
501,Afghanistan,AF,8035,2019,"Less than 14 years",Males,"European Union - 27 countries (from 2020)"
502,Afghanistan,AF,8210,2019,"Less than 14 years",Males,"European Union - 28 countries (2013-2020)"
503,Afghanistan,AF,25,2019,"Less than 14 years",Males,Finland
504,Afghanistan,AF,440,2019,"Less than 14 years",Males,France
505,Afghanistan,AF,50,2019,"Less than 14 years",Males,Croatia
506,Afghanistan,AF,55,2019,"Less than 14 years",Males,Hungary
507,Afghanistan,AF,5,2019,"Less than 14 years",Males,Ireland
508,Afghanistan,AF,5,2019,"Less than 14 years",Males,Iceland
509,Afghanistan,AF,5,2019,"Less than 14 years",Males,Italy
510,Afghanistan,AF,0,2019,"Less than 14 years",Males,Liechtenstein
511,Afghanistan,AF,0,2019,"Less than 14 years",Males,Lithuania
512,Afghanistan,AF,15,2019,"Less than 14 years",Males,Luxembourg
513,Afghanistan,AF,0,2019,"Less than 14 years",Males,Latvia
514,Afghanistan,AF,0,2019,"Less than 14 years",Males,Malta
515,Afghanistan,AF,45,2019,"Less than 14 years",Males,Netherlands
516,Afghanistan,AF,15,2019,"Less than 14 years",Males,Norway
517,Afghanistan,AF,0,2019,"Less than 14 years",Males,Poland
518,Afghanistan,AF,0,2019,"Less than 14 years",Males,Portugal
519,Afghanistan,AF,10,2019,"Less than 14 years",Males,Romania
520,Afghanistan,AF,170,2019,"Less than 14 years",Males,Sweden
521,Afghanistan,AF,35,2019,"Less than 14 years",Males,Slovenia
522,Afghanistan,AF,0,2019,"Less than 14 years",Males,Slovakia
523,Afghanistan,AF,8480,2019,"Less than 14 years",Males,Total
524,Afghanistan,AF,175,2019,"Less than 14 years",Males,"United Kingdom"
525,Afghanistan,AF,1235,2019,"Less than 18 years",Males,Austria
526,Afghanistan,AF,1095,2019,"Less than 18 years",Males,Belgium
527,Afghanistan,AF,415,2019,"Less than 18 years",Males,Bulgaria
528,Afghanistan,AF,455,2019,"Less than 18 years",Males,Switzerland
529,Afghanistan,AF,0,2019,"Less than 18 years",Males,Cyprus
530,Afghanistan,AF,5,2019,"Less than 18 years",Males,Czechia
531,Afghanistan,AF,2955,2019,"Less than 18 years",Males,"Germany (until 1990 former territory of the FRG)"
532,Afghanistan,AF,30,2019,"Less than 18 years",Males,Denmark
533,Afghanistan,AF,0,2019,"Less than 18 years",Males,Estonia
534,Afghanistan,AF,6200,2019,"Less than 18 years",Males,Greece
535,Afghanistan,AF,20,2019,"Less than 18 years",Males,Spain
536,Afghanistan,AF,13510,2019,"Less than 18 years",Males,"European Union - 27 countries (from 2020)"
537,Afghanistan,AF,14135,2019,"Less than 18 years",Males,"European Union - 28 countries (2013-2020)"
538,Afghanistan,AF,35,2019,"Less than 18 years",Males,Finland
539,Afghanistan,AF,655,2019,"Less than 18 years",Males,France
540,Afghanistan,AF,70,2019,"Less than 18 years",Males,Croatia
541,Afghanistan,AF,65,2019,"Less than 18 years",Males,Hungary
542,Afghanistan,AF,15,2019,"Less than 18 years",Males,Ireland
543,Afghanistan,AF,5,2019,"Less than 18 years",Males,Iceland
544,Afghanistan,AF,45,2019,"Less than 18 years",Males,Italy
545,Afghanistan,AF,0,2019,"Less than 18 years",Males,Liechtenstein
546,Afghanistan,AF,0,2019,"Less than 18 years",Males,Lithuania
547,Afghanistan,AF,30,2019,"Less than 18 years",Males,Luxembourg
548,Afghanistan,AF,0,2019,"Less than 18 years",Males,Latvia
549,Afghanistan,AF,0,2019,"Less than 18 years",Males,Malta
550,Afghanistan,AF,100,2019,"Less than 18 years",Males,Netherlands
551,Afghanistan,AF,45,2019,"Less than 18 years",Males,Norway
552,Afghanistan,AF,10,2019,"Less than 18 years",Males,Poland
553,Afghanistan,AF,0,2019,"Less than 18 years",Males,Portugal
554,Afghanistan,AF,65,2019,"Less than 18 years",Males,Romania
555,Afghanistan,AF,235,2019,"Less than 18 years",Males,Sweden
556,Afghanistan,AF,205,2019,"Less than 18 years",Males,Slovenia
557,Afghanistan,AF,20,2019,"Less than 18 years",Males,Slovakia
558,Afghanistan,AF,14640,2019,"Less than 18 years",Males,Total
559,Afghanistan,AF,625,2019,"Less than 18 years",Males,"United Kingdom"
560,Afghanistan,AF,2515,2019,Total,Total,Austria
561,Afghanistan,AF,2245,2019,Total,Total,Belgium
562,Afghanistan,AF,985,2019,Total,Total,Bulgaria
563,Afghanistan,AF,1350,2019,Total,Total,Switzerland
564,Afghanistan,AF,5,2019,Total,Total,Cyprus
565,Afghanistan,AF,20,2019,Total,Total,Czechia
566,Afghanistan,AF,9520,2019,Total,Total,"Germany (until 1990 former territory of the FRG)"
567,Afghanistan,AF,90,2019,Total,Total,Denmark
568,Afghanistan,AF,5,2019,Total,Total,Estonia
569,Afghanistan,AF,23665,2019,Total,Total,Greece
570,Afghanistan,AF,115,2019,Total,Total,Spain
571,Afghanistan,AF,52540,2019,Total,Total,"European Union - 27 countries (from 2020)"
572,Afghanistan,AF,54675,2019,Total,Total,"European Union - 28 countries (2013-2020)"
573,Afghanistan,AF,125,2019,Total,Total,Finland
574,Afghanistan,AF,9995,2019,Total,Total,France
575,Afghanistan,AF,240,2019,Total,Total,Croatia
576,Afghanistan,AF,185,2019,Total,Total,Hungary
577,Afghanistan,AF,105,2019,Total,Total,Ireland
578,Afghanistan,AF,45,2019,Total,Total,Iceland
579,Afghanistan,AF,590,2019,Total,Total,Italy
580,Afghanistan,AF,5,2019,Total,Total,Liechtenstein
581,Afghanistan,AF,10,2019,Total,Total,Lithuania
582,Afghanistan,AF,170,2019,Total,Total,Luxembourg
583,Afghanistan,AF,5,2019,Total,Total,Latvia
584,Afghanistan,AF,5,2019,Total,Total,Malta
585,Afghanistan,AF,435,2019,Total,Total,Netherlands
586,Afghanistan,AF,95,2019,Total,Total,Norway
587,Afghanistan,AF,55,2019,Total,Total,Poland
588,Afghanistan,AF,20,2019,Total,Total,Portugal
589,Afghanistan,AF,190,2019,Total,Total,Romania
590,Afghanistan,AF,745,2019,Total,Total,Sweden
591,Afghanistan,AF,415,2019,Total,Total,Slovenia
592,Afghanistan,AF,85,2019,Total,Total,Slovakia
593,Afghanistan,AF,56165,2019,Total,Total,Total
594,Afghanistan,AF,2130,2019,Total,Total,"United Kingdom"
595,Afghanistan,AF,0,2019,Unknown,Total,Austria
596,Afghanistan,AF,0,2019,Unknown,Total,Belgium
597,Afghanistan,AF,0,2019,Unknown,Total,Bulgaria
598,Afghanistan,AF,0,2019,Unknown,Total,Switzerland
599,Afghanistan,AF,0,2019,Unknown,Total,Cyprus
600,Afghanistan,AF,0,2019,Unknown,Total,Czechia
601,Afghanistan,AF,0,2019,Unknown,Total,"Germany (until 1990 former territory of the FRG)"
602,Afghanistan,AF,0,2019,Unknown,Total,Denmark
603,Afghanistan,AF,0,2019,Unknown,Total,Estonia
604,Afghanistan,AF,0,2019,Unknown,Total,Greece
605,Afghanistan,AF,0,2019,Unknown,Total,Spain
606,Afghanistan,AF,10,2019,Unknown,Total,"European Union - 27 countries (from 2020)"
607,Afghanistan,AF,45,2019,Unknown,Total,"European Union - 28 countries (2013-2020)"
608,Afghanistan,AF,10,2019,Unknown,Total,Finland
609,Afghanistan,AF,0,2019,Unknown,Total,France
610,Afghanistan,AF,0,2019,Unknown,Total,Croatia
611,Afghanistan,AF,0,2019,Unknown,Total,Hungary
612,Afghanistan,AF,0,2019,Unknown,Total,Ireland
613,Afghanistan,AF,0,2019,Unknown,Total,Iceland
614,Afghanistan,AF,0,2019,Unknown,Total,Italy
615,Afghanistan,AF,0,2019,Unknown,Total,Liechtenstein
616,Afghanistan,AF,0,2019,Unknown,Total,Lithuania
617,Afghanistan,AF,0,2019,Unknown,Total,Luxembourg
618,Afghanistan,AF,0,2019,Unknown,Total,Latvia
619,Afghanistan,AF,0,2019,Unknown,Total,Malta
620,Afghanistan,AF,0,2019,Unknown,Total,Netherlands
621,Afghanistan,AF,0,2019,Unknown,Total,Norway
622,Afghanistan,AF,0,2019,Unknown,Total,Poland
623,Afghanistan,AF,0,2019,Unknown,Total,Portugal
624,Afghanistan,AF,0,2019,Unknown,Total,Romania
625,Afghanistan,AF,0,2019,Unknown,Total,Sweden
626,Afghanistan,AF,0,2019,Unknown,Total,Slovenia
627,Afghanistan,AF,0,2019,Unknown,Total,Slovakia
628,Afghanistan,AF,45,2019,Unknown,Total,Total
629,Afghanistan,AF,35,2019,Unknown,Total,"United Kingdom"
630,Afghanistan,AF,745,2019,"From 14 to 17 years",Total,Austria
631,Afghanistan,AF,945,2019,"From 14 to 17 years",Total,Belgium
632,Afghanistan,AF,390,2019,"From 14 to 17 years",Total,Bulgaria
633,Afghanistan,AF,235,2019,"From 14 to 17 years",Total,Switzerland
634,Afghanistan,AF,0,2019,"From 14 to 17 years",Total,Cyprus
635,Afghanistan,AF,5,2019,"From 14 to 17 years",Total,Czechia
636,Afghanistan,AF,825,2019,"From 14 to 17 years",Total,"Germany (until 1990 former territory of the FRG)"
637,Afghanistan,AF,15,2019,"From 14 to 17 years",Total,Denmark
638,Afghanistan,AF,0,2019,"From 14 to 17 years",Total,Estonia
639,Afghanistan,AF,2900,2019,"From 14 to 17 years",Total,Greece
640,Afghanistan,AF,10,2019,"From 14 to 17 years",Total,Spain
641,Afghanistan,AF,6660,2019,"From 14 to 17 years",Total,"European Union - 27 countries (from 2020)"
642,Afghanistan,AF,7150,2019,"From 14 to 17 years",Total,"European Union - 28 countries (2013-2020)"
643,Afghanistan,AF,15,2019,"From 14 to 17 years",Total,Finland
644,Afghanistan,AF,285,2019,"From 14 to 17 years",Total,France
645,Afghanistan,AF,20,2019,"From 14 to 17 years",Total,Croatia
646,Afghanistan,AF,15,2019,"From 14 to 17 years",Total,Hungary
647,Afghanistan,AF,10,2019,"From 14 to 17 years",Total,Ireland
648,Afghanistan,AF,0,2019,"From 14 to 17 years",Total,Iceland
649,Afghanistan,AF,40,2019,"From 14 to 17 years",Total,Italy
650,Afghanistan,AF,0,2019,"From 14 to 17 years",Total,Liechtenstein
651,Afghanistan,AF,0,2019,"From 14 to 17 years",Total,Lithuania
652,Afghanistan,AF,25,2019,"From 14 to 17 years",Total,Luxembourg
653,Afghanistan,AF,0,2019,"From 14 to 17 years",Total,Latvia
654,Afghanistan,AF,0,2019,"From 14 to 17 years",Total,Malta
655,Afghanistan,AF,65,2019,"From 14 to 17 years",Total,Netherlands
656,Afghanistan,AF,35,2019,"From 14 to 17 years",Total,Norway
657,Afghanistan,AF,10,2019,"From 14 to 17 years",Total,Poland
658,Afghanistan,AF,0,2019,"From 14 to 17 years",Total,Portugal
659,Afghanistan,AF,55,2019,"From 14 to 17 years",Total,Romania
660,Afghanistan,AF,100,2019,"From 14 to 17 years",Total,Sweden
661,Afghanistan,AF,175,2019,"From 14 to 17 years",Total,Slovenia
662,Afghanistan,AF,20,2019,"From 14 to 17 years",Total,Slovakia
663,Afghanistan,AF,7425,2019,"From 14 to 17 years",Total,Total
664,Afghanistan,AF,490,2019,"From 14 to 17 years",Total,"United Kingdom"
665,Afghanistan,AF,670,2019,"From 18 to 34 years",Total,Austria
666,Afghanistan,AF,850,2019,"From 18 to 34 years",Total,Belgium
667,Afghanistan,AF,545,2019,"From 18 to 34 years",Total,Bulgaria
668,Afghanistan,AF,510,2019,"From 18 to 34 years",Total,Switzerland
669,Afghanistan,AF,5,2019,"From 18 to 34 years",Total,Cyprus
670,Afghanistan,AF,15,2019,"From 18 to 34 years",Total,Czechia
671,Afghanistan,AF,3060,2019,"From 18 to 34 years",Total,"Germany (until 1990 former territory of the FRG)"
672,Afghanistan,AF,45,2019,"From 18 to 34 years",Total,Denmark
673,Afghanistan,AF,0,2019,"From 18 to 34 years",Total,Estonia
674,Afghanistan,AF,9890,2019,"From 18 to 34 years",Total,Greece
675,Afghanistan,AF,60,2019,"From 18 to 34 years",Total,Spain
676,Afghanistan,AF,24900,2019,"From 18 to 34 years",Total,"European Union - 27 countries (from 2020)"
677,Afghanistan,AF,25775,2019,"From 18 to 34 years",Total,"European Union - 28 countries (2013-2020)"
678,Afghanistan,AF,40,2019,"From 18 to 34 years",Total,Finland
679,Afghanistan,AF,8080,2019,"From 18 to 34 years",Total,France
680,Afghanistan,AF,105,2019,"From 18 to 34 years",Total,Croatia
681,Afghanistan,AF,45,2019,"From 18 to 34 years",Total,Hungary
682,Afghanistan,AF,70,2019,"From 18 to 34 years",Total,Ireland
683,Afghanistan,AF,30,2019,"From 18 to 34 years",Total,Iceland
684,Afghanistan,AF,500,2019,"From 18 to 34 years",Total,Italy
685,Afghanistan,AF,5,2019,"From 18 to 34 years",Total,Liechtenstein
686,Afghanistan,AF,0,2019,"From 18 to 34 years",Total,Lithuania
687,Afghanistan,AF,85,2019,"From 18 to 34 years",Total,Luxembourg
688,Afghanistan,AF,5,2019,"From 18 to 34 years",Total,Latvia
689,Afghanistan,AF,0,2019,"From 18 to 34 years",Total,Malta
690,Afghanistan,AF,205,2019,"From 18 to 34 years",Total,Netherlands
691,Afghanistan,AF,30,2019,"From 18 to 34 years",Total,Norway
692,Afghanistan,AF,45,2019,"From 18 to 34 years",Total,Poland
693,Afghanistan,AF,15,2019,"From 18 to 34 years",Total,Portugal
694,Afghanistan,AF,115,2019,"From 18 to 34 years",Total,Romania
695,Afghanistan,AF,205,2019,"From 18 to 34 years",Total,Sweden
696,Afghanistan,AF,175,2019,"From 18 to 34 years",Total,Slovenia
697,Afghanistan,AF,65,2019,"From 18 to 34 years",Total,Slovakia
698,Afghanistan,AF,26350,2019,"From 18 to 34 years",Total,Total
699,Afghanistan,AF,875,2019,"From 18 to 34 years",Total,"United Kingdom"
700,Afghanistan,AF,135,2019,"From 35 to 64 years",Total,Austria
701,Afghanistan,AF,130,2019,"From 35 to 64 years",Total,Belgium
702,Afghanistan,AF,15,2019,"From 35 to 64 years",Total,Bulgaria
703,Afghanistan,AF,145,2019,"From 35 to 64 years",Total,Switzerland
704,Afghanistan,AF,0,2019,"From 35 to 64 years",Total,Cyprus
705,Afghanistan,AF,0,2019,"From 35 to 64 years",Total,Czechia
706,Afghanistan,AF,1070,2019,"From 35 to 64 years",Total,"Germany (until 1990 former territory of the FRG)"
707,Afghanistan,AF,5,2019,"From 35 to 64 years",Total,Denmark
708,Afghanistan,AF,0,2019,"From 35 to 64 years",Total,Estonia
709,Afghanistan,AF,3070,2019,"From 35 to 64 years",Total,Greece
710,Afghanistan,AF,10,2019,"From 35 to 64 years",Total,Spain
711,Afghanistan,AF,5590,2019,"From 35 to 64 years",Total,"European Union - 27 countries (from 2020)"
712,Afghanistan,AF,5915,2019,"From 35 to 64 years",Total,"European Union - 28 countries (2013-2020)"
713,Afghanistan,AF,15,2019,"From 35 to 64 years",Total,Finland
714,Afghanistan,AF,785,2019,"From 35 to 64 years",Total,France
715,Afghanistan,AF,25,2019,"From 35 to 64 years",Total,Croatia
716,Afghanistan,AF,35,2019,"From 35 to 64 years",Total,Hungary
717,Afghanistan,AF,15,2019,"From 35 to 64 years",Total,Ireland
718,Afghanistan,AF,5,2019,"From 35 to 64 years",Total,Iceland
719,Afghanistan,AF,35,2019,"From 35 to 64 years",Total,Italy
720,Afghanistan,AF,0,2019,"From 35 to 64 years",Total,Liechtenstein
721,Afghanistan,AF,0,2019,"From 35 to 64 years",Total,Lithuania
722,Afghanistan,AF,25,2019,"From 35 to 64 years",Total,Luxembourg
723,Afghanistan,AF,0,2019,"From 35 to 64 years",Total,Latvia
724,Afghanistan,AF,0,2019,"From 35 to 64 years",Total,Malta
725,Afghanistan,AF,70,2019,"From 35 to 64 years",Total,Netherlands
726,Afghanistan,AF,10,2019,"From 35 to 64 years",Total,Norway
727,Afghanistan,AF,0,2019,"From 35 to 64 years",Total,Poland
728,Afghanistan,AF,5,2019,"From 35 to 64 years",Total,Portugal
729,Afghanistan,AF,10,2019,"From 35 to 64 years",Total,Romania
730,Afghanistan,AF,105,2019,"From 35 to 64 years",Total,Sweden
731,Afghanistan,AF,15,2019,"From 35 to 64 years",Total,Slovenia
732,Afghanistan,AF,0,2019,"From 35 to 64 years",Total,Slovakia
733,Afghanistan,AF,6075,2019,"From 35 to 64 years",Total,Total
734,Afghanistan,AF,330,2019,"From 35 to 64 years",Total,"United Kingdom"
735,Afghanistan,AF,10,2019,"65 years or over",Total,Austria
736,Afghanistan,AF,20,2019,"65 years or over",Total,Belgium
737,Afghanistan,AF,0,2019,"65 years or over",Total,Bulgaria
738,Afghanistan,AF,5,2019,"65 years or over",Total,Switzerland
739,Afghanistan,AF,0,2019,"65 years or over",Total,Cyprus
740,Afghanistan,AF,0,2019,"65 years or over",Total,Czechia
741,Afghanistan,AF,90,2019,"65 years or over",Total,"Germany (until 1990 former territory of the FRG)"
742,Afghanistan,AF,0,2019,"65 years or over",Total,Denmark
743,Afghanistan,AF,0,2019,"65 years or over",Total,Estonia
744,Afghanistan,AF,170,2019,"65 years or over",Total,Greece
745,Afghanistan,AF,0,2019,"65 years or over",Total,Spain
746,Afghanistan,AF,345,2019,"65 years or over",Total,"European Union - 27 countries (from 2020)"
747,Afghanistan,AF,445,2019,"65 years or over",Total,"European Union - 28 countries (2013-2020)"
748,Afghanistan,AF,0,2019,"65 years or over",Total,Finland
749,Afghanistan,AF,25,2019,"65 years or over",Total,France
750,Afghanistan,AF,0,2019,"65 years or over",Total,Croatia
751,Afghanistan,AF,0,2019,"65 years or over",Total,Hungary
752,Afghanistan,AF,5,2019,"65 years or over",Total,Ireland
753,Afghanistan,AF,0,2019,"65 years or over",Total,Iceland
754,Afghanistan,AF,0,2019,"65 years or over",Total,Italy
755,Afghanistan,AF,0,2019,"65 years or over",Total,Liechtenstein
756,Afghanistan,AF,0,2019,"65 years or over",Total,Lithuania
757,Afghanistan,AF,0,2019,"65 years or over",Total,Luxembourg
758,Afghanistan,AF,0,2019,"65 years or over",Total,Latvia
759,Afghanistan,AF,0,2019,"65 years or over",Total,Malta
760,Afghanistan,AF,15,2019,"65 years or over",Total,Netherlands
761,Afghanistan,AF,0,2019,"65 years or over",Total,Norway
762,Afghanistan,AF,0,2019,"65 years or over",Total,Poland
763,Afghanistan,AF,0,2019,"65 years or over",Total,Portugal
764,Afghanistan,AF,0,2019,"65 years or over",Total,Romania
765,Afghanistan,AF,5,2019,"65 years or over",Total,Sweden
766,Afghanistan,AF,0,2019,"65 years or over",Total,Slovenia
767,Afghanistan,AF,0,2019,"65 years or over",Total,Slovakia
768,Afghanistan,AF,455,2019,"65 years or over",Total,Total
769,Afghanistan,AF,100,2019,"65 years or over",Total,"United Kingdom"
770,Afghanistan,AF,955,2019,"Less than 14 years",Total,Austria
771,Afghanistan,AF,305,2019,"Less than 14 years",Total,Belgium
772,Afghanistan,AF,30,2019,"Less than 14 years",Total,Bulgaria
773,Afghanistan,AF,455,2019,"Less than 14 years",Total,Switzerland
774,Afghanistan,AF,0,2019,"Less than 14 years",Total,Cyprus
775,Afghanistan,AF,0,2019,"Less than 14 years",Total,Czechia
776,Afghanistan,AF,4475,2019,"Less than 14 years",Total,"Germany (until 1990 former territory of the FRG)"
777,Afghanistan,AF,20,2019,"Less than 14 years",Total,Denmark
778,Afghanistan,AF,0,2019,"Less than 14 years",Total,Estonia
779,Afghanistan,AF,7640,2019,"Less than 14 years",Total,Greece
780,Afghanistan,AF,25,2019,"Less than 14 years",Total,Spain
781,Afghanistan,AF,15035,2019,"Less than 14 years",Total,"European Union - 27 countries (from 2020)"
782,Afghanistan,AF,15340,2019,"Less than 14 years",Total,"European Union - 28 countries (2013-2020)"
783,Afghanistan,AF,45,2019,"Less than 14 years",Total,Finland
784,Afghanistan,AF,820,2019,"Less than 14 years",Total,France
785,Afghanistan,AF,95,2019,"Less than 14 years",Total,Croatia
786,Afghanistan,AF,90,2019,"Less than 14 years",Total,Hungary
787,Afghanistan,AF,5,2019,"Less than 14 years",Total,Ireland
788,Afghanistan,AF,10,2019,"Less than 14 years",Total,Iceland
789,Afghanistan,AF,10,2019,"Less than 14 years",Total,Italy
790,Afghanistan,AF,0,2019,"Less than 14 years",Total,Liechtenstein
791,Afghanistan,AF,5,2019,"Less than 14 years",Total,Lithuania
792,Afghanistan,AF,30,2019,"Less than 14 years",Total,Luxembourg
793,Afghanistan,AF,0,2019,"Less than 14 years",Total,Latvia
794,Afghanistan,AF,0,2019,"Less than 14 years",Total,Malta
795,Afghanistan,AF,85,2019,"Less than 14 years",Total,Netherlands
796,Afghanistan,AF,20,2019,"Less than 14 years",Total,Norway
797,Afghanistan,AF,0,2019,"Less than 14 years",Total,Poland
798,Afghanistan,AF,0,2019,"Less than 14 years",Total,Portugal
799,Afghanistan,AF,15,2019,"Less than 14 years",Total,Romania
800,Afghanistan,AF,325,2019,"Less than 14 years",Total,Sweden
801,Afghanistan,AF,50,2019,"Less than 14 years",Total,Slovenia
802,Afghanistan,AF,0,2019,"Less than 14 years",Total,Slovakia
803,Afghanistan,AF,15820,2019,"Less than 14 years",Total,Total
804,Afghanistan,AF,305,2019,"Less than 14 years",Total,"United Kingdom"
805,Afghanistan,AF,1700,2019,"Less than 18 years",Total,Austria
806,Afghanistan,AF,1250,2019,"Less than 18 years",Total,Belgium
807,Afghanistan,AF,420,2019,"Less than 18 years",Total,Bulgaria
808,Afghanistan,AF,690,2019,"Less than 18 years",Total,Switzerland
809,Afghanistan,AF,0,2019,"Less than 18 years",Total,Cyprus
810,Afghanistan,AF,5,2019,"Less than 18 years",Total,Czechia
811,Afghanistan,AF,5300,2019,"Less than 18 years",Total,"Germany (until 1990 former territory of the FRG)"
812,Afghanistan,AF,35,2019,"Less than 18 years",Total,Denmark
813,Afghanistan,AF,0,2019,"Less than 18 years",Total,Estonia
814,Afghanistan,AF,10540,2019,"Less than 18 years",Total,Greece
815,Afghanistan,AF,40,2019,"Less than 18 years",Total,Spain
816,Afghanistan,AF,21700,2019,"Less than 18 years",Total,"European Union - 27 countries (from 2020)"
817,Afghanistan,AF,22490,2019,"Less than 18 years",Total,"European Union - 28 countries (2013-2020)"
818,Afghanistan,AF,60,2019,"Less than 18 years",Total,Finland
819,Afghanistan,AF,1105,2019,"Less than 18 years",Total,France
820,Afghanistan,AF,115,2019,"Less than 18 years",Total,Croatia
821,Afghanistan,AF,105,2019,"Less than 18 years",Total,Hungary
822,Afghanistan,AF,15,2019,"Less than 18 years",Total,Ireland
823,Afghanistan,AF,10,2019,"Less than 18 years",Total,Iceland
824,Afghanistan,AF,50,2019,"Less than 18 years",Total,Italy
825,Afghanistan,AF,0,2019,"Less than 18 years",Total,Liechtenstein
826,Afghanistan,AF,5,2019,"Less than 18 years",Total,Lithuania
827,Afghanistan,AF,55,2019,"Less than 18 years",Total,Luxembourg
828,Afghanistan,AF,0,2019,"Less than 18 years",Total,Latvia
829,Afghanistan,AF,0,2019,"Less than 18 years",Total,Malta
830,Afghanistan,AF,145,2019,"Less than 18 years",Total,Netherlands
831,Afghanistan,AF,55,2019,"Less than 18 years",Total,Norway
832,Afghanistan,AF,10,2019,"Less than 18 years",Total,Poland
833,Afghanistan,AF,0,2019,"Less than 18 years",Total,Portugal
834,Afghanistan,AF,70,2019,"Less than 18 years",Total,Romania
835,Afghanistan,AF,425,2019,"Less than 18 years",Total,Sweden
836,Afghanistan,AF,225,2019,"Less than 18 years",Total,Slovenia
837,Afghanistan,AF,20,2019,"Less than 18 years",Total,Slovakia
838,Afghanistan,AF,23245,2019,"Less than 18 years",Total,Total
839,Afghanistan,AF,790,2019,"Less than 18 years",Total,"United Kingdom"
840,Afghanistan,AF,0,2019,Total,Unknown,Austria
841,Afghanistan,AF,0,2019,Total,Unknown,Belgium
842,Afghanistan,AF,0,2019,Total,Unknown,Bulgaria
843,Afghanistan,AF,0,2019,Total,Unknown,Switzerland
844,Afghanistan,AF,0,2019,Total,Unknown,Cyprus
845,Afghanistan,AF,0,2019,Total,Unknown,Czechia
846,Afghanistan,AF,5,2019,Total,Unknown,"Germany (until 1990 former territory of the FRG)"
847,Afghanistan,AF,0,2019,Total,Unknown,Denmark
848,Afghanistan,AF,0,2019,Total,Unknown,Estonia
849,Afghanistan,AF,0,2019,Total,Unknown,Greece
850,Afghanistan,AF,0,2019,Total,Unknown,Spain
851,Afghanistan,AF,5,2019,Total,Unknown,"European Union - 27 countries (from 2020)"
852,Afghanistan,AF,5,2019,Total,Unknown,"European Union - 28 countries (2013-2020)"
853,Afghanistan,AF,0,2019,Total,Unknown,Finland
854,Afghanistan,AF,0,2019,Total,Unknown,France
855,Afghanistan,AF,0,2019,Total,Unknown,Croatia
856,Afghanistan,AF,0,2019,Total,Unknown,Hungary
857,Afghanistan,AF,0,2019,Total,Unknown,Ireland
858,Afghanistan,AF,0,2019,Total,Unknown,Iceland
859,Afghanistan,AF,0,2019,Total,Unknown,Italy
860,Afghanistan,AF,0,2019,Total,Unknown,Liechtenstein
861,Afghanistan,AF,0,2019,Total,Unknown,Lithuania
862,Afghanistan,AF,0,2019,Total,Unknown,Luxembourg
863,Afghanistan,AF,0,2019,Total,Unknown,Latvia
864,Afghanistan,AF,0,2019,Total,Unknown,Malta
865,Afghanistan,AF,0,2019,Total,Unknown,Netherlands
866,Afghanistan,AF,0,2019,Total,Unknown,Norway
867,Afghanistan,AF,0,2019,Total,Unknown,Poland
868,Afghanistan,AF,0,2019,Total,Unknown,Portugal
869,Afghanistan,AF,0,2019,Total,Unknown,Romania
870,Afghanistan,AF,0,2019,Total,Unknown,Sweden
871,Afghanistan,AF,0,2019,Total,Unknown,Slovenia
872,Afghanistan,AF,0,2019,Total,Unknown,Slovakia
873,Afghanistan,AF,5,2019,Total,Unknown,Total
874,Afghanistan,AF,0,2019,Total,Unknown,"United Kingdom"
875,Afghanistan,AF,0,2019,Unknown,Unknown,Austria
876,Afghanistan,AF,0,2019,Unknown,Unknown,Belgium
877,Afghanistan,AF,0,2019,Unknown,Unknown,Bulgaria
878,Afghanistan,AF,0,2019,Unknown,Unknown,Switzerland
879,Afghanistan,AF,0,2019,Unknown,Unknown,Cyprus
880,Afghanistan,AF,0,2019,Unknown,Unknown,Czechia
881,Afghanistan,AF,0,2019,Unknown,Unknown,"Germany (until 1990 former territory of the FRG)"
882,Afghanistan,AF,0,2019,Unknown,Unknown,Denmark
883,Afghanistan,AF,0,2019,Unknown,Unknown,Estonia
884,Afghanistan,AF,0,2019,Unknown,Unknown,Greece
885,Afghanistan,AF,0,2019,Unknown,Unknown,Spain
886,Afghanistan,AF,0,2019,Unknown,Unknown,"European Union - 27 countries (from 2020)"
887,Afghanistan,AF,0,2019,Unknown,Unknown,"European Union - 28 countries (2013-2020)"
888,Afghanistan,AF,0,2019,Unknown,Unknown,Finland
889,Afghanistan,AF,0,2019,Unknown,Unknown,France
890,Afghanistan,AF,0,2019,Unknown,Unknown,Croatia
891,Afghanistan,AF,0,2019,Unknown,Unknown,Hungary
892,Afghanistan,AF,0,2019,Unknown,Unknown,Ireland
893,Afghanistan,AF,0,2019,Unknown,Unknown,Iceland
894,Afghanistan,AF,0,2019,Unknown,Unknown,Italy
895,Afghanistan,AF,0,2019,Unknown,Unknown,Liechtenstein
896,Afghanistan,AF,0,2019,Unknown,Unknown,Lithuania
897,Afghanistan,AF,0,2019,Unknown,Unknown,Luxembourg
898,Afghanistan,AF,0,2019,Unknown,Unknown,Latvia
899,Afghanistan,AF,0,2019,Unknown,Unknown,Malta
900,Afghanistan,AF,0,2019,Unknown,Unknown,Netherlands
901,Afghanistan,AF,0,2019,Unknown,Unknown,Norway
902,Afghanistan,AF,0,2019,Unknown,Unknown,Poland
903,Afghanistan,AF,0,2019,Unknown,Unknown,Portugal
904,Afghanistan,AF,0,2019,Unknown,Unknown,Romania
905,Afghanistan,AF,0,2019,Unknown,Unknown,Sweden
906,Afghanistan,AF,0,2019,Unknown,Unknown,Slovenia
907,Afghanistan,AF,0,2019,Unknown,Unknown,Slovakia
908,Afghanistan,AF,0,2019,Unknown,Unknown,Total
909,Afghanistan,AF,0,2019,Unknown,Unknown,"United Kingdom"
910,Afghanistan,AF,0,2019,"From 14 to 17 years",Unknown,Austria
911,Afghanistan,AF,0,2019,"From 14 to 17 years",Unknown,Belgium
912,Afghanistan,AF,0,2019,"From 14 to 17 years",Unknown,Bulgaria
913,Afghanistan,AF,0,2019,"From 14 to 17 years",Unknown,Switzerland
914,Afghanistan,AF,0,2019,"From 14 to 17 years",Unknown,Cyprus
915,Afghanistan,AF,0,2019,"From 14 to 17 years",Unknown,Czechia
916,Afghanistan,AF,0,2019,"From 14 to 17 years",Unknown,"Germany (until 1990 former territory of the FRG)"
917,Afghanistan,AF,0,2019,"From 14 to 17 years",Unknown,Denmark
918,Afghanistan,AF,0,2019,"From 14 to 17 years",Unknown,Estonia
919,Afghanistan,AF,0,2019,"From 14 to 17 years",Unknown,Greece
920,Afghanistan,AF,0,2019,"From 14 to 17 years",Unknown,Spain
921,Afghanistan,AF,0,2019,"From 14 to 17 years",Unknown,"European Union - 27 countries (from 2020)"
922,Afghanistan,AF,0,2019,"From 14 to 17 years",Unknown,"European Union - 28 countries (2013-2020)"
923,Afghanistan,AF,0,2019,"From 14 to 17 years",Unknown,Finland
924,Afghanistan,AF,0,2019,"From 14 to 17 years",Unknown,France
925,Afghanistan,AF,0,2019,"From 14 to 17 years",Unknown,Croatia
926,Afghanistan,AF,0,2019,"From 14 to 17 years",Unknown,Hungary
927,Afghanistan,AF,0,2019,"From 14 to 17 years",Unknown,Ireland
928,Afghanistan,AF,0,2019,"From 14 to 17 years",Unknown,Iceland
929,Afghanistan,AF,0,2019,"From 14 to 17 years",Unknown,Italy
930,Afghanistan,AF,0,2019,"From 14 to 17 years",Unknown,Liechtenstein
931,Afghanistan,AF,0,2019,"From 14 to 17 years",Unknown,Lithuania
932,Afghanistan,AF,0,2019,"From 14 to 17 years",Unknown,Luxembourg
933,Afghanistan,AF,0,2019,"From 14 to 17 years",Unknown,Latvia
934,Afghanistan,AF,0,2019,"From 14 to 17 years",Unknown,Malta
935,Afghanistan,AF,0,2019,"From 14 to 17 years",Unknown,Netherlands
936,Afghanistan,AF,0,2019,"From 14 to 17 years",Unknown,Norway
937,Afghanistan,AF,0,2019,"From 14 to 17 years",Unknown,Poland
938,Afghanistan,AF,0,2019,"From 14 to 17 years",Unknown,Portugal
939,Afghanistan,AF,0,2019,"From 14 to 17 years",Unknown,Romania
940,Afghanistan,AF,0,2019,"From 14 to 17 years",Unknown,Sweden
941,Afghanistan,AF,0,2019,"From 14 to 17 years",Unknown,Slovenia
942,Afghanistan,AF,0,2019,"From 14 to 17 years",Unknown,Slovakia
943,Afghanistan,AF,0,2019,"From 14 to 17 years",Unknown,Total
944,Afghanistan,AF,0,2019,"From 14 to 17 years",Unknown,"United Kingdom"
945,Afghanistan,AF,0,2019,"From 18 to 34 years",Unknown,Austria
946,Afghanistan,AF,0,2019,"From 18 to 34 years",Unknown,Belgium
947,Afghanistan,AF,0,2019,"From 18 to 34 years",Unknown,Bulgaria
948,Afghanistan,AF,0,2019,"From 18 to 34 years",Unknown,Switzerland
949,Afghanistan,AF,0,2019,"From 18 to 34 years",Unknown,Cyprus
950,Afghanistan,AF,0,2019,"From 18 to 34 years",Unknown,Czechia
951,Afghanistan,AF,0,2019,"From 18 to 34 years",Unknown,"Germany (until 1990 former territory of the FRG)"
952,Afghanistan,AF,0,2019,"From 18 to 34 years",Unknown,Denmark
953,Afghanistan,AF,0,2019,"From 18 to 34 years",Unknown,Estonia
954,Afghanistan,AF,0,2019,"From 18 to 34 years",Unknown,Greece
955,Afghanistan,AF,0,2019,"From 18 to 34 years",Unknown,Spain
956,Afghanistan,AF,0,2019,"From 18 to 34 years",Unknown,"European Union - 27 countries (from 2020)"
957,Afghanistan,AF,0,2019,"From 18 to 34 years",Unknown,"European Union - 28 countries (2013-2020)"
958,Afghanistan,AF,0,2019,"From 18 to 34 years",Unknown,Finland
959,Afghanistan,AF,0,2019,"From 18 to 34 years",Unknown,France
960,Afghanistan,AF,0,2019,"From 18 to 34 years",Unknown,Croatia
961,Afghanistan,AF,0,2019,"From 18 to 34 years",Unknown,Hungary
962,Afghanistan,AF,0,2019,"From 18 to 34 years",Unknown,Ireland
963,Afghanistan,AF,0,2019,"From 18 to 34 years",Unknown,Iceland
964,Afghanistan,AF,0,2019,"From 18 to 34 years",Unknown,Italy
965,Afghanistan,AF,0,2019,"From 18 to 34 years",Unknown,Liechtenstein
966,Afghanistan,AF,0,2019,"From 18 to 34 years",Unknown,Lithuania
967,Afghanistan,AF,0,2019,"From 18 to 34 years",Unknown,Luxembourg
968,Afghanistan,AF,0,2019,"From 18 to 34 years",Unknown,Latvia
969,Afghanistan,AF,0,2019,"From 18 to 34 years",Unknown,Malta
970,Afghanistan,AF,0,2019,"From 18 to 34 years",Unknown,Netherlands
971,Afghanistan,AF,0,2019,"From 18 to 34 years",Unknown,Norway
972,Afghanistan,AF,0,2019,"From 18 to 34 years",Unknown,Poland
973,Afghanistan,AF,0,2019,"From 18 to 34 years",Unknown,Portugal
974,Afghanistan,AF,0,2019,"From 18 to 34 years",Unknown,Romania
975,Afghanistan,AF,0,2019,"From 18 to 34 years",Unknown,Sweden
976,Afghanistan,AF,0,2019,"From 18 to 34 years",Unknown,Slovenia
977,Afghanistan,AF,0,2019,"From 18 to 34 years",Unknown,Slovakia
978,Afghanistan,AF,0,2019,"From 18 to 34 years",Unknown,Total
979,Afghanistan,AF,0,2019,"From 18 to 34 years",Unknown,"United Kingdom"
980,Afghanistan,AF,0,2019,"From 35 to 64 years",Unknown,Austria
981,Afghanistan,AF,0,2019,"From 35 to 64 years",Unknown,Belgium
982,Afghanistan,AF,0,2019,"From 35 to 64 years",Unknown,Bulgaria
983,Afghanistan,AF,0,2019,"From 35 to 64 years",Unknown,Switzerland
984,Afghanistan,AF,0,2019,"From 35 to 64 years",Unknown,Cyprus
985,Afghanistan,AF,0,2019,"From 35 to 64 years",Unknown,Czechia
986,Afghanistan,AF,0,2019,"From 35 to 64 years",Unknown,"Germany (until 1990 former territory of the FRG)"
987,Afghanistan,AF,0,2019,"From 35 to 64 years",Unknown,Denmark
988,Afghanistan,AF,0,2019,"From 35 to 64 years",Unknown,Estonia
989,Afghanistan,AF,0,2019,"From 35 to 64 years",Unknown,Greece
990,Afghanistan,AF,0,2019,"From 35 to 64 years",Unknown,Spain
991,Afghanistan,AF,0,2019,"From 35 to 64 years",Unknown,"European Union - 27 countries (from 2020)"
992,Afghanistan,AF,0,2019,"From 35 to 64 years",Unknown,"European Union - 28 countries (2013-2020)"
993,Afghanistan,AF,0,2019,"From 35 to 64 years",Unknown,Finland
994,Afghanistan,AF,0,2019,"From 35 to 64 years",Unknown,France
995,Afghanistan,AF,0,2019,"From 35 to 64 years",Unknown,Croatia
996,Afghanistan,AF,0,2019,"From 35 to 64 years",Unknown,Hungary
997,Afghanistan,AF,0,2019,"From 35 to 64 years",Unknown,Ireland
998,Afghanistan,AF,0,2019,"From 35 to 64 years",Unknown,Iceland
999,Afghanistan,AF,0,2019,"From 35 to 64 years",Unknown,Italy
1000,Afghanistan,AF,0,2019,"From 35 to 64 years",Unknown,Liechtenstein
1001,Afghanistan,AF,0,2019,"From 35 to 64 years",Unknown,Lithuania
1002,Afghanistan,AF,0,2019,"From 35 to 64 years",Unknown,Luxembourg
1003,Afghanistan,AF,0,2019,"From 35 to 64 years",Unknown,Latvia
1004,Afghanistan,AF,0,2019,"From 35 to 64 years",Unknown,Malta
1005,Afghanistan,AF,0,2019,"From 35 to 64 years",Unknown,Netherlands
1006,Afghanistan,AF,0,2019,"From 35 to 64 years",Unknown,Norway
1007,Afghanistan,AF,0,2019,"From 35 to 64 years",Unknown,Poland
1008,Afghanistan,AF,0,2019,"From 35 to 64 years",Unknown,Portugal
1009,Afghanistan,AF,0,2019,"From 35 to 64 years",Unknown,Romania
1010,Afghanistan,AF,0,2019,"From 35 to 64 years",Unknown,Sweden
1011,Afghanistan,AF,0,2019,"From 35 to 64 years",Unknown,Slovenia
1012,Afghanistan,AF,0,2019,"From 35 to 64 years",Unknown,Slovakia
1013,Afghanistan,AF,0,2019,"From 35 to 64 years",Unknown,Total
1014,Afghanistan,AF,0,2019,"From 35 to 64 years",Unknown,"United Kingdom"
1015,Afghanistan,AF,0,2019,"65 years or over",Unknown,Austria
1016,Afghanistan,AF,0,2019,"65 years or over",Unknown,Belgium
1017,Afghanistan,AF,0,2019,"65 years or over",Unknown,Bulgaria
1018,Afghanistan,AF,0,2019,"65 years or over",Unknown,Switzerland
1019,Afghanistan,AF,0,2019,"65 years or over",Unknown,Cyprus
1020,Afghanistan,AF,0,2019,"65 years or over",Unknown,Czechia
1021,Afghanistan,AF,0,2019,"65 years or over",Unknown,"Germany (until 1990 former territory of the FRG)"
1022,Afghanistan,AF,0,2019,"65 years or over",Unknown,Denmark
1023,Afghanistan,AF,0,2019,"65 years or over",Unknown,Estonia
1024,Afghanistan,AF,0,2019,"65 years or over",Unknown,Greece
1025,Afghanistan,AF,0,2019,"65 years or over",Unknown,Spain
1026,Afghanistan,AF,0,2019,"65 years or over",Unknown,"European Union - 27 countries (from 2020)"
1027,Afghanistan,AF,0,2019,"65 years or over",Unknown,"European Union - 28 countries (2013-2020)"
1028,Afghanistan,AF,0,2019,"65 years or over",Unknown,Finland
1029,Afghanistan,AF,0,2019,"65 years or over",Unknown,France
1030,Afghanistan,AF,0,2019,"65 years or over",Unknown,Croatia
1031,Afghanistan,AF,0,2019,"65 years or over",Unknown,Hungary
1032,Afghanistan,AF,0,2019,"65 years or over",Unknown,Ireland
1033,Afghanistan,AF,0,2019,"65 years or over",Unknown,Iceland
1034,Afghanistan,AF,0,2019,"65 years or over",Unknown,Italy
1035,Afghanistan,AF,0,2019,"65 years or over",Unknown,Liechtenstein
1036,Afghanistan,AF,0,2019,"65 years or over",Unknown,Lithuania
1037,Afghanistan,AF,0,2019,"65 years or over",Unknown,Luxembourg
1038,Afghanistan,AF,0,2019,"65 years or over",Unknown,Latvia
1039,Afghanistan,AF,0,2019,"65 years or over",Unknown,Malta
1040,Afghanistan,AF,0,2019,"65 years or over",Unknown,Netherlands
1041,Afghanistan,AF,0,2019,"65 years or over",Unknown,Norway
1042,Afghanistan,AF,0,2019,"65 years or over",Unknown,Poland
1043,Afghanistan,AF,0,2019,"65 years or over",Unknown,Portugal
1044,Afghanistan,AF,0,2019,"65 years or over",Unknown,Romania
1045,Afghanistan,AF,0,2019,"65 years or over",Unknown,Sweden
1046,Afghanistan,AF,0,2019,"65 years or over",Unknown,Slovenia
1047,Afghanistan,AF,0,2019,"65 years or over",Unknown,Slovakia
1048,Afghanistan,AF,0,2019,"65 years or over",Unknown,Total
1049,Afghanistan,AF,0,2019,"65 years or over",Unknown,"United Kingdom"
1050,Afghanistan,AF,0,2019,"Less than 14 years",Unknown,Austria
1051,Afghanistan,AF,0,2019,"Less than 14 years",Unknown,Belgium
1052,Afghanistan,AF,0,2019,"Less than 14 years",Unknown,Bulgaria
1053,Afghanistan,AF,0,2019,"Less than 14 years",Unknown,Switzerland
1054,Afghanistan,AF,0,2019,"Less than 14 years",Unknown,Cyprus
1055,Afghanistan,AF,0,2019,"Less than 14 years",Unknown,Czechia
1056,Afghanistan,AF,5,2019,"Less than 14 years",Unknown,"Germany (until 1990 former territory of the FRG)"
1057,Afghanistan,AF,0,2019,"Less than 14 years",Unknown,Denmark
1058,Afghanistan,AF,0,2019,"Less than 14 years",Unknown,Estonia
1059,Afghanistan,AF,0,2019,"Less than 14 years",Unknown,Greece
1060,Afghanistan,AF,0,2019,"Less than 14 years",Unknown,Spain
1061,Afghanistan,AF,5,2019,"Less than 14 years",Unknown,"European Union - 27 countries (from 2020)"
1062,Afghanistan,AF,5,2019,"Less than 14 years",Unknown,"European Union - 28 countries (2013-2020)"
1063,Afghanistan,AF,0,2019,"Less than 14 years",Unknown,Finland
1064,Afghanistan,AF,0,2019,"Less than 14 years",Unknown,France
1065,Afghanistan,AF,0,2019,"Less than 14 years",Unknown,Croatia
1066,Afghanistan,AF,0,2019,"Less than 14 years",Unknown,Hungary
1067,Afghanistan,AF,0,2019,"Less than 14 years",Unknown,Ireland
1068,Afghanistan,AF,0,2019,"Less than 14 years",Unknown,Iceland
1069,Afghanistan,AF,0,2019,"Less than 14 years",Unknown,Italy
1070,Afghanistan,AF,0,2019,"Less than 14 years",Unknown,Liechtenstein
1071,Afghanistan,AF,0,2019,"Less than 14 years",Unknown,Lithuania
1072,Afghanistan,AF,0,2019,"Less than 14 years",Unknown,Luxembourg
1073,Afghanistan,AF,0,2019,"Less than 14 years",Unknown,Latvia
1074,Afghanistan,AF,0,2019,"Less than 14 years",Unknown,Malta
1075,Afghanistan,AF,0,2019,"Less than 14 years",Unknown,Netherlands
1076,Afghanistan,AF,0,2019,"Less than 14 years",Unknown,Norway
1077,Afghanistan,AF,0,2019,"Less than 14 years",Unknown,Poland
1078,Afghanistan,AF,0,2019,"Less than 14 years",Unknown,Portugal
1079,Afghanistan,AF,0,2019,"Less than 14 years",Unknown,Romania
1080,Afghanistan,AF,0,2019,"Less than 14 years",Unknown,Sweden
1081,Afghanistan,AF,0,2019,"Less than 14 years",Unknown,Slovenia
1082,Afghanistan,AF,0,2019,"Less than 14 years",Unknown,Slovakia
1083,Afghanistan,AF,5,2019,"Less than 14 years",Unknown,Total
1084,Afghanistan,AF,0,2019,"Less than 14 years",Unknown,"United Kingdom"
1085,Afghanistan,AF,0,2019,"Less than 18 years",Unknown,Austria
1086,Afghanistan,AF,0,2019,"Less than 18 years",Unknown,Belgium
1087,Afghanistan,AF,0,2019,"Less than 18 years",Unknown,Bulgaria
1088,Afghanistan,AF,0,2019,"Less than 18 years",Unknown,Switzerland
1089,Afghanistan,AF,0,2019,"Less than 18 years",Unknown,Cyprus
1090,Afghanistan,AF,0,2019,"Less than 18 years",Unknown,Czechia
1091,Afghanistan,AF,5,2019,"Less than 18 years",Unknown,"Germany (until 1990 former territory of the FRG)"
1092,Afghanistan,AF,0,2019,"Less than 18 years",Unknown,Denmark
1093,Afghanistan,AF,0,2019,"Less than 18 years",Unknown,Estonia
1094,Afghanistan,AF,0,2019,"Less than 18 years",Unknown,Greece
1095,Afghanistan,AF,0,2019,"Less than 18 years",Unknown,Spain
1096,Afghanistan,AF,5,2019,"Less than 18 years",Unknown,"European Union - 27 countries (from 2020)"
1097,Afghanistan,AF,5,2019,"Less than 18 years",Unknown,"European Union - 28 countries (2013-2020)"
1098,Afghanistan,AF,0,2019,"Less than 18 years",Unknown,Finland
1099,Afghanistan,AF,0,2019,"Less than 18 years",Unknown,France
1100,Afghanistan,AF,0,2019,"Less than 18 years",Unknown,Croatia
1101,Afghanistan,AF,0,2019,"Less than 18 years",Unknown,Hungary
1102,Afghanistan,AF,0,2019,"Less than 18 years",Unknown,Ireland
1103,Afghanistan,AF,0,2019,"Less than 18 years",Unknown,Iceland
1104,Afghanistan,AF,0,2019,"Less than 18 years",Unknown,Italy
1105,Afghanistan,AF,0,2019,"Less than 18 years",Unknown,Liechtenstein
1106,Afghanistan,AF,0,2019,"Less than 18 years",Unknown,Lithuania
1107,Afghanistan,AF,0,2019,"Less than 18 years",Unknown,Luxembourg
1108,Afghanistan,AF,0,2019,"Less than 18 years",Unknown,Latvia
1109,Afghanistan,AF,0,2019,"Less than 18 years",Unknown,Malta
1110,Afghanistan,AF,0,2019,"Less than 18 years",Unknown,Netherlands
1111,Afghanistan,AF,0,2019,"Less than 18 years",Unknown,Norway
1112,Afghanistan,AF,0,2019,"Less than 18 years",Unknown,Poland
1113,Afghanistan,AF,0,2019,"Less than 18 years",Unknown,Portugal
1114,Afghanistan,AF,0,2019,"Less than 18 years",Unknown,Romania
1115,Afghanistan,AF,0,2019,"Less than 18 years",Unknown,Sweden
1116,Afghanistan,AF,0,2019,"Less than 18 years",Unknown,Slovenia
1117,Afghanistan,AF,0,2019,"Less than 18 years",Unknown,Slovakia
1118,Afghanistan,AF,5,2019,"Less than 18 years",Unknown,Total
1119,Afghanistan,AF,0,2019,"Less than 18 years",Unknown,"United Kingdom"
1120,"South Africa",ZA,0,2019,Total,Females,Austria
1121,"South Africa",ZA,0,2019,Total,Females,Belgium
1122,"South Africa",ZA,0,2019,Total,Females,Bulgaria
1123,"South Africa",ZA,0,2019,Total,Females,Switzerland
1124,"South Africa",ZA,0,2019,Total,Females,Cyprus
1125,"South Africa",ZA,0,2019,Total,Females,Czechia
1126,"South Africa",ZA,15,2019,Total,Females,"Germany (until 1990 former territory of the FRG)"
1127,"South Africa",ZA,0,2019,Total,Females,Denmark
1128,"South Africa",ZA,0,2019,Total,Females,Estonia
1129,"South Africa",ZA,0,2019,Total,Females,Greece
1130,"South Africa",ZA,5,2019,Total,Females,Spain
1131,"South Africa",ZA,230,2019,Total,Females,"European Union - 27 countries (from 2020)"
1132,"South Africa",ZA,275,2019,Total,Females,"European Union - 28 countries (2013-2020)"
1133,"South Africa",ZA,0,2019,Total,Females,Finland
1134,"South Africa",ZA,25,2019,Total,Females,France
1135,"South Africa",ZA,0,2019,Total,Females,Croatia
1136,"South Africa",ZA,0,2019,Total,Females,Hungary
1137,"South Africa",ZA,175,2019,Total,Females,Ireland
1138,"South Africa",ZA,0,2019,Total,Females,Iceland
1139,"South Africa",ZA,5,2019,Total,Females,Italy
1140,"South Africa",ZA,0,2019,Total,Females,Liechtenstein
1141,"South Africa",ZA,0,2019,Total,Females,Lithuania
1142,"South Africa",ZA,0,2019,Total,Females,Luxembourg
1143,"South Africa",ZA,0,2019,Total,Females,Latvia
1144,"South Africa",ZA,0,2019,Total,Females,Malta
1145,"South Africa",ZA,0,2019,Total,Females,Netherlands
1146,"South Africa",ZA,0,2019,Total,Females,Norway
1147,"South Africa",ZA,0,2019,Total,Females,Poland
1148,"South Africa",ZA,0,2019,Total,Females,Portugal
1149,"South Africa",ZA,0,2019,Total,Females,Romania
1150,"South Africa",ZA,0,2019,Total,Females,Sweden
1151,"South Africa",ZA,0,2019,Total,Females,Slovenia
1152,"South Africa",ZA,0,2019,Total,Females,Slovakia
1153,"South Africa",ZA,280,2019,Total,Females,Total
1154,"South Africa",ZA,45,2019,Total,Females,"United Kingdom"
1155,"South Africa",ZA,0,2019,Unknown,Females,Austria
1156,"South Africa",ZA,0,2019,Unknown,Females,Belgium
1157,"South Africa",ZA,0,2019,Unknown,Females,Bulgaria
1158,"South Africa",ZA,0,2019,Unknown,Females,Switzerland
1159,"South Africa",ZA,0,2019,Unknown,Females,Cyprus
1160,"South Africa",ZA,0,2019,Unknown,Females,Czechia
1161,"South Africa",ZA,0,2019,Unknown,Females,"Germany (until 1990 former territory of the FRG)"
1162,"South Africa",ZA,0,2019,Unknown,Females,Denmark
1163,"South Africa",ZA,0,2019,Unknown,Females,Estonia
1164,"South Africa",ZA,0,2019,Unknown,Females,Greece
1165,"South Africa",ZA,0,2019,Unknown,Females,Spain
1166,"South Africa",ZA,0,2019,Unknown,Females,"European Union - 27 countries (from 2020)"
1167,"South Africa",ZA,0,2019,Unknown,Females,"European Union - 28 countries (2013-2020)"
1168,"South Africa",ZA,0,2019,Unknown,Females,Finland
1169,"South Africa",ZA,0,2019,Unknown,Females,France
1170,"South Africa",ZA,0,2019,Unknown,Females,Croatia
1171,"South Africa",ZA,0,2019,Unknown,Females,Hungary
1172,"South Africa",ZA,0,2019,Unknown,Females,Ireland
1173,"South Africa",ZA,0,2019,Unknown,Females,Iceland
1174,"South Africa",ZA,0,2019,Unknown,Females,Italy
1175,"South Africa",ZA,0,2019,Unknown,Females,Liechtenstein
1176,"South Africa",ZA,0,2019,Unknown,Females,Lithuania
1177,"South Africa",ZA,0,2019,Unknown,Females,Luxembourg
1178,"South Africa",ZA,0,2019,Unknown,Females,Latvia
1179,"South Africa",ZA,0,2019,Unknown,Females,Malta
1180,"South Africa",ZA,0,2019,Unknown,Females,Netherlands
1181,"South Africa",ZA,0,2019,Unknown,Females,Norway
1182,"South Africa",ZA,0,2019,Unknown,Females,Poland
1183,"South Africa",ZA,0,2019,Unknown,Females,Portugal
1184,"South Africa",ZA,0,2019,Unknown,Females,Romania
1185,"South Africa",ZA,0,2019,Unknown,Females,Sweden
1186,"South Africa",ZA,0,2019,Unknown,Females,Slovenia
1187,"South Africa",ZA,0,2019,Unknown,Females,Slovakia
1188,"South Africa",ZA,0,2019,Unknown,Females,Total
1189,"South Africa",ZA,0,2019,Unknown,Females,"United Kingdom"
1190,"South Africa",ZA,0,2019,"From 14 to 17 years",Females,Austria
1191,"South Africa",ZA,0,2019,"From 14 to 17 years",Females,Belgium
1192,"South Africa",ZA,0,2019,"From 14 to 17 years",Females,Bulgaria
1193,"South Africa",ZA,0,2019,"From 14 to 17 years",Females,Switzerland
1194,"South Africa",ZA,0,2019,"From 14 to 17 years",Females,Cyprus
1195,"South Africa",ZA,0,2019,"From 14 to 17 years",Females,Czechia
1196,"South Africa",ZA,0,2019,"From 14 to 17 years",Females,"Germany (until 1990 former territory of the FRG)"
1197,"South Africa",ZA,0,2019,"From 14 to 17 years",Females,Denmark
1198,"South Africa",ZA,0,2019,"From 14 to 17 years",Females,Estonia
1199,"South Africa",ZA,0,2019,"From 14 to 17 years",Females,Greece
1200,"South Africa",ZA,0,2019,"From 14 to 17 years",Females,Spain
1201,"South Africa",ZA,10,2019,"From 14 to 17 years",Females,"European Union - 27 countries (from 2020)"
1202,"South Africa",ZA,10,2019,"From 14 to 17 years",Females,"European Union - 28 countries (2013-2020)"
1203,"South Africa",ZA,0,2019,"From 14 to 17 years",Females,Finland
1204,"South Africa",ZA,0,2019,"From 14 to 17 years",Females,France
1205,"South Africa",ZA,0,2019,"From 14 to 17 years",Females,Croatia
1206,"South Africa",ZA,0,2019,"From 14 to 17 years",Females,Hungary
1207,"South Africa",ZA,5,2019,"From 14 to 17 years",Females,Ireland
1208,"South Africa",ZA,0,2019,"From 14 to 17 years",Females,Iceland
1209,"South Africa",ZA,0,2019,"From 14 to 17 years",Females,Italy
1210,"South Africa",ZA,0,2019,"From 14 to 17 years",Females,Liechtenstein
1211,"South Africa",ZA,0,2019,"From 14 to 17 years",Females,Lithuania
1212,"South Africa",ZA,0,2019,"From 14 to 17 years",Females,Luxembourg
1213,"South Africa",ZA,0,2019,"From 14 to 17 years",Females,Latvia
1214,"South Africa",ZA,0,2019,"From 14 to 17 years",Females,Malta
1215,"South Africa",ZA,0,2019,"From 14 to 17 years",Females,Netherlands
1216,"South Africa",ZA,0,2019,"From 14 to 17 years",Females,Norway
1217,"South Africa",ZA,0,2019,"From 14 to 17 years",Females,Poland
1218,"South Africa",ZA,0,2019,"From 14 to 17 years",Females,Portugal
1219,"South Africa",ZA,0,2019,"From 14 to 17 years",Females,Romania
1220,"South Africa",ZA,0,2019,"From 14 to 17 years",Females,Sweden
1221,"South Africa",ZA,0,2019,"From 14 to 17 years",Females,Slovenia
1222,"South Africa",ZA,0,2019,"From 14 to 17 years",Females,Slovakia
1223,"South Africa",ZA,10,2019,"From 14 to 17 years",Females,Total
1224,"South Africa",ZA,0,2019,"From 14 to 17 years",Females,"United Kingdom"
1225,"South Africa",ZA,0,2019,"From 18 to 34 years",Females,Austria
1226,"South Africa",ZA,0,2019,"From 18 to 34 years",Females,Belgium
1227,"South Africa",ZA,0,2019,"From 18 to 34 years",Females,Bulgaria
1228,"South Africa",ZA,0,2019,"From 18 to 34 years",Females,Switzerland
1229,"South Africa",ZA,0,2019,"From 18 to 34 years",Females,Cyprus
1230,"South Africa",ZA,0,2019,"From 18 to 34 years",Females,Czechia
1231,"South Africa",ZA,5,2019,"From 18 to 34 years",Females,"Germany (until 1990 former territory of the FRG)"
1232,"South Africa",ZA,0,2019,"From 18 to 34 years",Females,Denmark
1233,"South Africa",ZA,0,2019,"From 18 to 34 years",Females,Estonia
1234,"South Africa",ZA,0,2019,"From 18 to 34 years",Females,Greece
1235,"South Africa",ZA,0,2019,"From 18 to 34 years",Females,Spain
1236,"South Africa",ZA,80,2019,"From 18 to 34 years",Females,"European Union - 27 countries (from 2020)"
1237,"South Africa",ZA,90,2019,"From 18 to 34 years",Females,"European Union - 28 countries (2013-2020)"
1238,"South Africa",ZA,0,2019,"From 18 to 34 years",Females,Finland
1239,"South Africa",ZA,15,2019,"From 18 to 34 years",Females,France
1240,"South Africa",ZA,0,2019,"From 18 to 34 years",Females,Croatia
1241,"South Africa",ZA,0,2019,"From 18 to 34 years",Females,Hungary
1242,"South Africa",ZA,55,2019,"From 18 to 34 years",Females,Ireland
1243,"South Africa",ZA,0,2019,"From 18 to 34 years",Females,Iceland
1244,"South Africa",ZA,5,2019,"From 18 to 34 years",Females,Italy
1245,"South Africa",ZA,0,2019,"From 18 to 34 years",Females,Liechtenstein
1246,"South Africa",ZA,0,2019,"From 18 to 34 years",Females,Lithuania
1247,"South Africa",ZA,0,2019,"From 18 to 34 years",Females,Luxembourg
1248,"South Africa",ZA,0,2019,"From 18 to 34 years",Females,Latvia
1249,"South Africa",ZA,0,2019,"From 18 to 34 years",Females,Malta
1250,"South Africa",ZA,0,2019,"From 18 to 34 years",Females,Netherlands
1251,"South Africa",ZA,0,2019,"From 18 to 34 years",Females,Norway
1252,"South Africa",ZA,0,2019,"From 18 to 34 years",Females,Poland
1253,"South Africa",ZA,0,2019,"From 18 to 34 years",Females,Portugal
1254,"South Africa",ZA,0,2019,"From 18 to 34 years",Females,Romania
1255,"South Africa",ZA,0,2019,"From 18 to 34 years",Females,Sweden
1256,"South Africa",ZA,0,2019,"From 18 to 34 years",Females,Slovenia
